Surname;CreditScore;Country;Gender;Tenure;HasCrCard;IsActiveMember;EstimatedSalary;age;job;marital;education;balance;loan;y
Hargrave;619;France;Female;2;1;1;101348.88;58;management;married;tertiary;6429;no;yes
Hill;608;Spain;Female;1;0;1;112542.58;44;technician;single;secondary;29;no;no
Onio;502;France;Female;8;1;0;113931.57;33;entrepreneur;married;secondary;2;yes;no
Boni;699;France;Female;1;0;0;93826.63;47;blue-collar;married;unknown;4518;no;no
Mitchell;850;Spain;Female;2;1;1;79084.1;33;unknown;single;unknown;1;no;no
Chu;645;Spain;Male;8;1;0;149756.71;35;management;married;tertiary;231;no;yes
Bartlett;822;France;Male;7;1;1;10062.8;28;management;single;tertiary;447;yes;no
Obinna;376;Germany;Female;4;1;0;119346.88;42;entrepreneur;divorced;tertiary;2;no;no
He;501;France;Male;4;0;1;74940.5;58;retired;married;primary;121;no;yes
H?;684;France;Male;2;1;1;71725.73;43;technician;single;secondary;593;no;no
Bearce;528;France;Male;6;0;0;80181.12;41;admin.;divorced;secondary;270;no;no
Andrews;497;Spain;Male;3;1;0;76390.01;29;admin.;single;secondary;390;no;no
Kay;476;France;Female;10;1;0;26260.98;53;technician;married;secondary;6;no;yes
Chin;549;France;Female;5;0;0;190857.79;58;technician;married;unknown;71;no;yes
Scott;635;Spain;Female;7;1;1;65951.65;57;services;married;secondary;162;no;yes
Goforth;616;Germany;Male;3;0;1;64327.26;51;retired;married;primary;229;no;yes
Romeo;653;Germany;Male;1;1;0;5097.67;45;admin.;single;unknown;13;no;no
Henderson;549;Spain;Female;9;1;1;14406.41;57;blue-collar;married;primary;52;no;yes
Muldrow;587;Spain;Male;6;0;0;158684.81;60;retired;married;primary;60;no;yes
Hao;726;France;Female;6;1;1;54724.03;33;services;married;secondary;0;no;yes
McDonald;732;France;Male;8;1;1;170886.17;28;blue-collar;married;secondary;723;yes;no
Dellucci;636;Spain;Female;8;1;0;138555.46;56;management;married;tertiary;779;no;yes
Gerasimov;510;Spain;Female;4;1;0;118913.53;32;blue-collar;single;primary;23;yes;no
Mosman;669;France;Male;3;0;1;8487.75;25;services;married;secondary;50;no;yes
Yen;846;France;Female;5;1;1;187616.16;40;retired;married;primary;0;yes;no
Maclean;577;France;Male;3;0;1;124508.29;44;admin.;married;secondary;-372;no;yes
Young;756;Germany;Male;2;1;1;170041.95;39;management;single;tertiary;255;no;no
Nebechi;571;France;Male;9;0;0;38433.35;52;entrepreneur;married;secondary;113;yes;no
McWilliams;574;Germany;Female;3;1;1;100187.43;46;management;single;secondary;-246;no;no
Lucciano;411;France;Male;0;1;1;53483.21;36;technician;single;secondary;265;yes;no
Azikiwe;591;Spain;Female;3;1;0;140469.38;57;technician;married;secondary;839;yes;no
Odinakachukwu;533;France;Male;7;0;1;156731.91;49;management;married;tertiary;378;no;yes
Sanderson;553;Germany;Male;9;0;0;81898.81;60;admin.;married;secondary;39;yes;no
Maggard;520;Spain;Female;6;1;1;34410.55;59;blue-collar;married;secondary;0;no;yes
Clements;722;Spain;Female;9;1;1;142033.07;51;management;married;tertiary;31905;no;yes
Lombardo;475;France;Female;0;1;0;27822.99;57;technician;divorced;secondary;63;no;no
Watson;490;Spain;Male;3;0;1;114066.77;25;blue-collar;married;secondary;-7;no;yes
Lorenzo;804;Spain;Male;7;0;1;98453.45;53;technician;married;secondary;-3;no;yes
Armstrong;850;France;Male;7;1;1;40812.9;36;admin.;divorced;secondary;506;no;no
Cameron;582;Germany;Male;6;0;1;178074.04;37;admin.;single;secondary;0;no;no
Hsiao;472;Spain;Male;4;1;0;70154.22;44;services;divorced;secondary;7758;no;yes
Clarke;465;France;Female;8;0;0;181297.65;50;management;married;secondary;49;no;yes
Osborne;556;France;Female;2;1;1;94153.83;60;blue-collar;married;unknown;104;no;yes
Lavine;834;France;Female;2;0;0;194365.76;54;retired;married;secondary;529;no;yes
Bianchi;660;Spain;Female;5;1;1;158338.39;58;retired;married;unknown;96;no;yes
Tyler;776;Germany;Female;4;1;1;126517.46;36;admin.;single;primary;-171;no;no
Martin;829;Germany;Female;9;1;1;119708.21;58;self-employed;married;tertiary;-364;no;yes
Okagbue;637;Germany;Female;9;1;1;117622.8;44;technician;married;secondary;0;no;yes
Yin;550;Germany;Male;2;0;1;90878.13;55;technician;divorced;secondary;0;no;no
Buccho;776;Germany;Female;2;1;0;194099.12;29;management;single;tertiary;0;no;no
Chidiebele;698;Germany;Male;10;1;0;198059.16;54;blue-collar;married;secondary;3873;no;no
Trevisani;585;Germany;Male;5;0;0;86424.57;48;management;divorced;tertiary;-244;no;no
O'Brien;788;France;Female;5;0;0;116978.19;32;management;married;tertiary;0;no;yes
Parkhill;655;Germany;Male;8;0;0;164040.94;42;admin.;single;secondary;-76;no;no
Yoo;601;Germany;Male;1;1;0;40014.76;24;technician;single;secondary;-103;yes;no
Phillipps;619;France;Male;1;1;1;113410.49;38;entrepreneur;single;tertiary;243;yes;no
Tsao;656;France;Male;5;1;0;87107.57;38;management;single;tertiary;424;no;no
Endrizzi;725;Germany;Male;0;0;0;45613.75;47;blue-collar;married;unknown;306;no;no
T'ien;511;Spain;Female;4;1;0;1643.11;40;blue-collar;single;unknown;24;no;no
Velazquez;614;France;Male;4;1;1;46775.28;46;services;married;primary;179;no;yes
Hunter;742;Germany;Male;5;0;0;84509.57;32;admin.;married;tertiary;0;no;yes
Clark;687;Germany;Female;9;0;0;126494.82;53;technician;divorced;secondary;989;no;no
Jeffrey;555;Spain;Male;1;0;0;178798.13;57;blue-collar;married;primary;249;no;no
Pirozzi;684;Spain;Male;8;1;1;99398.36;33;services;married;secondary;790;no;yes
Jackson;603;Germany;Male;4;1;1;92840.67;49;blue-collar;married;unknown;154;no;yes
Hammond;751;Germany;Female;6;1;1;27758.36;51;management;married;tertiary;19590;no;yes
Brownless;581;Germany;Female;1;1;0;110431.51;60;retired;married;tertiary;100;no;yes
Chibugo;735;Germany;Male;10;1;1;196673.28;59;management;divorced;tertiary;59;no;no
Glauert;661;Germany;Female;5;0;1;113656.85;55;technician;married;secondary;3615;no;yes
Pisano;675;France;Female;8;1;0;18203.0;35;blue-collar;single;secondary;36669;yes;no
Konovalova;738;Germany;Male;2;1;0;28373.86;57;blue-collar;married;secondary;17805;yes;no
McKee;813;France;Male;6;1;0;33953.87;31;services;married;secondary;25;yes;no
Palermo;657;Spain;Female;0;0;1;44203.55;54;management;married;secondary;282;yes;no
Ballard;604;Germany;Female;5;1;1;58426.81;55;blue-collar;married;primary;23;no;yes
Wallace;519;France;Male;9;0;1;145562.4;43;technician;married;secondary;5811;no;yes
Cavenagh;735;France;Female;1;1;0;22388.0;53;technician;married;secondary;384;no;yes
Hu;664;France;Male;8;1;1;139161.64;44;blue-collar;married;secondary;582;yes;no
Read;678;France;Female;9;1;1;148210.64;55;services;divorced;secondary;91;no;no
Bushell;757;Spain;Male;5;0;1;194239.63;49;services;divorced;secondary;0;yes;no
Postle;416;Germany;Female;10;1;0;98301.61;55;services;divorced;secondary;1;no;no
Buley;665;France;Female;1;0;0;171413.66;45;admin.;single;secondary;206;no;no
Leonard;777;France;Female;2;1;0;136458.19;47;services;divorced;secondary;164;no;no
Mills;543;France;Female;3;0;0;26019.59;42;technician;single;secondary;690;no;no
Onyeorulu;506;France;Female;4;1;1;159235.29;59;admin.;married;secondary;7029;no;yes
Beit;493;France;Female;4;1;0;1907.66;46;self-employed;married;tertiary;137;yes;no
Ndukaku;652;Spain;Female;10;1;1;114675.75;51;blue-collar;married;primary;173;no;yes
Gant;750;Spain;Male;3;1;0;128643.35;56;admin.;married;secondary;45;no;yes
Rowley;729;France;Male;9;1;0;151869.35;41;technician;married;secondary;3810;no;yes
Sharpe;646;France;Female;4;1;0;93251.42;46;management;divorced;secondary;16;yes;no
Osborne;635;Germany;Female;3;1;1;156791.36;57;retired;married;secondary;486;no;yes
Heap;647;Spain;Female;5;1;1;174205.22;42;management;single;secondary;50;no;no
Ritchie;808;France;Male;7;1;0;147132.46;30;technician;married;secondary;152;yes;no
Cole;524;France;Female;10;1;0;109614.57;60;admin.;married;secondary;290;no;yes
Capon;769;France;Male;8;1;1;172290.61;60;blue-collar;married;unknown;54;no;yes
Capon;730;Spain;Male;4;0;1;85982.47;57;entrepreneur;divorced;secondary;-37;no;no
Fiorentini;515;Spain;Male;10;0;1;121277.78;36;management;married;tertiary;101;yes;no
Graham;773;Spain;Male;9;0;1;64595.25;55;blue-collar;married;secondary;383;no;yes
Yuille;814;Germany;Male;8;1;1;197276.13;60;retired;married;tertiary;81;no;yes
Allard;710;Spain;Male;8;0;0;99645.04;39;technician;married;secondary;0;no;yes
Fanucci;413;France;Male;9;0;0;6534.18;46;management;married;tertiary;229;no;yes
Fu;665;France;Female;6;1;1;161848.03;44;blue-collar;married;secondary;-674;no;yes
Hung;623;France;Female;6;0;0;167162.43;53;blue-collar;married;primary;90;no;no
Hung;738;France;Male;9;1;0;41970.72;52;blue-collar;married;primary;128;no;no
Bradley;528;Spain;Male;7;1;0;60536.56;59;blue-collar;married;primary;179;no;no
Dunbabin;670;Spain;Female;1;1;1;177655.68;27;technician;single;tertiary;0;no;no
Mauldon;622;Spain;Female;4;1;1;30984.59;44;blue-collar;married;secondary;54;no;yes
Stiger;582;Germany;Male;1;1;1;10054.53;47;technician;married;tertiary;151;no;yes
Parsons;785;Germany;Female;2;0;1;36976.52;34;admin.;married;secondary;61;yes;no
Walkom;605;Spain;Male;5;0;0;71862.79;59;retired;single;secondary;30;no;no
T'ang;479;Germany;Male;9;1;0;99449.86;45;management;married;tertiary;523;no;yes
Eremenko;685;Germany;Male;3;0;1;63082.88;29;services;divorced;secondary;31;no;no
Rowntree;538;Germany;Male;7;1;0;27231.26;46;technician;divorced;secondary;79;no;no
Thorpe;562;France;Male;2;0;0;86797.41;56;self-employed;married;primary;-34;yes;no
Chiemela;675;Spain;Male;9;0;1;22994.32;36;blue-collar;married;primary;448;no;yes
Fanucci;721;Germany;Male;9;0;1;101300.94;59;retired;divorced;primary;81;no;no
Ko;628;Germany;Female;9;1;1;74169.13;44;blue-collar;married;secondary;144;no;yes
Welch;668;Germany;Female;6;1;0;115638.29;41;admin.;married;secondary;351;no;yes
Duncan;506;France;Female;1;1;0;31766.3;33;management;single;tertiary;-67;no;no
Chidozie;524;Germany;Female;8;1;0;199725.39;59;management;divorced;tertiary;262;no;no
Wu;699;Germany;Male;4;1;0;120834.48;57;technician;married;primary;0;no;yes
Culbreth;828;France;Male;8;0;0;38131.77;56;technician;divorced;unknown;56;no;no
Kennedy;674;Spain;Male;6;0;0;100130.95;51;blue-collar;married;secondary;26;no;no
Cameron;656;France;Female;6;1;0;141069.88;34;admin.;married;unknown;3;no;yes
Calabresi;684;Germany;Female;10;1;1;198129.36;43;services;married;secondary;41;yes;no
Zetticci;625;France;Female;3;0;0;183646.41;52;technician;married;tertiary;7;yes;no
Fuller;432;France;Male;9;1;0;110265.24;33;technician;single;secondary;105;no;no
MacDonald;549;France;Female;1;0;1;8636.05;29;admin.;single;secondary;818;yes;no
Piccio;625;Germany;Male;0;1;0;46824.08;34;services;married;secondary;-16;yes;no
Kennedy;828;France;Female;7;1;0;171378.77;31;blue-collar;married;secondary;0;no;no
Fernie;770;France;Male;9;1;0;167256.35;55;services;married;secondary;7428;no;yes
He;758;France;Female;3;1;1;124226.16;55;management;married;unknown;3555;no;yes
Kaodilinakachukwu;795;Germany;Female;9;1;1;114935.21;32;admin.;single;secondary;217;no;no
Cocci;687;France;Male;9;1;1;35608.88;38;technician;single;secondary;5055;no;yes
Alekseeva;686;France;Male;1;0;1;16459.37;55;admin.;single;secondary;802;yes;no
Chinweike;789;Germany;Male;7;1;1;124411.08;28;unemployed;single;tertiary;0;no;no
Arthur;589;Germany;Female;5;1;1;34941.23;23;blue-collar;married;secondary;94;no;yes
Li;461;Germany;Female;5;0;1;167784.28;32;technician;single;secondary;0;no;no
Ma;637;France;Male;2;0;1;93165.34;43;services;single;unknown;0;no;no
Chia;584;Spain;Female;2;1;0;75161.25;32;blue-collar;married;secondary;517;no;no
Vasin;579;Spain;Female;1;0;1;8590.83;46;blue-collar;married;secondary;265;no;yes
Groves;756;Germany;Male;10;1;0;189543.9;53;housemaid;divorced;primary;947;no;no
Tien;663;France;Male;7;1;1;180427.24;34;self-employed;single;secondary;3;no;no
Forwood;682;France;Female;5;1;1;193318.33;57;unemployed;married;tertiary;42;no;yes
Greeves;793;Spain;Male;2;1;0;159123.82;37;blue-collar;married;secondary;37;no;no
Taylor;691;France;Female;5;1;0;126213.84;59;blue-collar;married;secondary;57;no;no
Madukwe;485;Spain;Female;5;1;1;54141.5;33;services;married;secondary;22;no;yes
Bennelong;635;Spain;Female;8;1;0;141075.51;56;blue-collar;divorced;primary;8;no;no
Olisanugo;650;France;Male;5;0;0;24495.03;48;unemployed;married;secondary;293;no;yes
Chukwufumnanya;735;France;Male;9;1;0;74836.34;43;services;married;primary;3;no;yes
Harris;416;France;Male;0;0;1;878.87;54;blue-collar;married;primary;348;no;yes
Morgan;754;Spain;Female;7;1;0;89520.75;51;blue-collar;married;unknown;-19;no;no
Alexeeva;535;France;Female;9;1;0;149892.79;26;student;single;secondary;0;no;no
Metcalfe;716;Spain;Male;8;1;0;180800.42;40;management;married;tertiary;-4;no;yes
Humphries;539;France;Male;2;1;0;98646.22;39;management;married;secondary;18;no;yes
Milne;614;France;Female;6;1;1;109041.53;50;technician;married;primary;139;no;yes
Chou;706;Spain;Male;7;1;0;17941.16;41;services;married;secondary;0;no;yes
Li;758;France;Female;7;0;0;82996.47;51;blue-collar;married;unknown;5649;no;no
Clayton;586;Spain;Female;2;1;1;92067.35;60;retired;divorced;secondary;216;no;no
Maclean;646;France;Female;6;0;1;104719.66;52;blue-collar;married;secondary;782;no;yes
Chigolum;631;Germany;Female;4;0;0;112687.57;48;blue-collar;married;secondary;904;no;no
Wilkinson;717;Spain;Female;6;0;1;84699.56;48;services;married;unknown;5115;no;yes
Wei;684;France;Male;2;1;0;83473.82;39;technician;single;tertiary;47;no;no
Treacy;800;France;Female;7;0;0;47125.11;47;services;single;secondary;176;no;no
Hu;721;Spain;Female;2;1;1;106977.8;40;blue-collar;married;secondary;3675;no;yes
Taverner;683;Spain;Male;0;1;0;55582.54;45;technician;married;secondary;86;no;yes
Sherman;660;Germany;Male;9;1;1;139874.43;26;admin.;single;secondary;82;no;no
Taubman;704;Germany;Female;7;1;0;162503.48;52;management;married;tertiary;271;no;yes
Robinson;615;Spain;Female;9;1;0;196499.96;54;technician;married;secondary;4134;no;yes
Pinto;667;Spain;Female;2;1;0;40721.24;54;admin.;married;tertiary;184;no;yes
Wood;682;Germany;Male;9;0;0;53134.3;50;blue-collar;married;primary;0;no;no
Hawkins;484;France;Female;4;1;0;164017.89;35;blue-collar;married;secondary;0;no;no
Sun;628;Germany;Male;5;1;0;155996.96;44;services;married;secondary;4071;yes;no
Yost;480;Germany;Male;10;1;0;5472.7;53;entrepreneur;married;unknown;19;no;yes
Ting;578;France;Male;4;1;0;112187.11;35;retired;single;primary;434;no;no
Rowe;512;France;Male;5;1;1;146457.83;60;admin.;divorced;secondary;92;no;no
Fu;484;Spain;Female;7;1;1;27286.1;53;admin.;divorced;secondary;3453;no;no
Ho;510;France;Female;0;1;1;130553.47;48;unemployed;married;secondary;41;no;yes
Okechukwu;606;Germany;Male;5;0;0;179351.89;34;technician;married;secondary;51;no;yes
Campbell;597;Spain;Female;8;0;1;94774.12;54;services;married;secondary;214;no;yes
Ashbolt;754;Germany;Female;3;1;0;8080.85;51;management;married;secondary;3483;no;yes
Rozier;850;Spain;Female;2;1;1;19482.5;31;services;married;tertiary;37;no;yes
Hsia;510;France;Male;2;1;1;48071.61;35;technician;divorced;secondary;787;no;no
Ogbonnaya;778;Germany;Female;1;1;0;174531.27;35;services;married;secondary;59;no;yes
T'ang;636;France;Male;2;1;1;55470.78;38;technician;married;secondary;253;no;yes
Cocci;804;France;Female;4;1;1;8546.87;36;admin.;married;tertiary;211;no;yes
Chang;514;France;Male;8;1;0;95857.18;58;retired;married;primary;235;no;yes
T'ao;730;France;Female;1;1;0;194945.8;40;services;divorced;unknown;13152;no;yes
Ford;525;Spain;Female;0;0;1;131521.72;54;management;married;secondary;12240;no;yes
Marshall;616;Spain;Male;5;0;1;196108.51;34;blue-collar;single;secondary;53;yes;no
Tsai;687;Germany;Female;7;1;0;148564.76;31;management;single;tertiary;0;no;no
Onwumelu;715;France;Female;8;0;0;92982.61;51;retired;married;secondary;6381;no;yes
Graham;512;France;Female;3;1;0;17675.36;33;management;married;tertiary;377;no;yes
Golovanov;479;France;Male;1;0;0;114996.43;55;management;married;tertiary;73;no;yes
Potts;601;France;Male;8;1;0;86957.42;42;admin.;married;secondary;445;no;yes
Crawford;580;Spain;Male;9;1;0;128077.8;34;blue-collar;married;secondary;243;no;no
Aleshire;807;France;Male;3;1;1;600.36;33;blue-collar;single;secondary;307;no;no
Moran;616;Spain;Female;6;1;1;43001.46;38;services;married;secondary;155;no;yes
Samsonova;721;Germany;Male;3;1;1;158591.12;50;technician;divorced;tertiary;173;yes;no
Jenkins;501;France;Male;10;1;1;47847.19;43;management;married;tertiary;400;no;yes
Volkov;521;France;Male;6;1;0;10488.44;61;blue-collar;divorced;primary;4284;no;no
Chiemezie;850;Spain;Male;2;1;1;5978.2;47;admin.;married;secondary;219;no;yes
Jude;759;France;Male;4;0;1;121409.06;48;self-employed;married;tertiary;7;no;yes
He;516;Spain;Male;5;0;1;146145.93;44;blue-collar;married;secondary;575;no;yes
Onuora;711;France;Female;2;1;1;14374.86;35;student;single;unknown;298;no;no
Ginikanwa;512;Spain;Male;3;1;0;94670.77;35;services;married;secondary;0;no;yes
Ku;550;France;Male;3;1;1;179670.31;50;services;married;secondary;17097;no;yes
McDonald;608;Spain;Female;3;0;0;199304.74;41;management;married;tertiary;176;yes;no
Collins;618;France;Male;5;1;1;151954.39;41;management;married;tertiary;517;no;yes
Hackett;643;France;Male;5;1;0;142513.5;39;services;single;unknown;257;no;no
Dike;671;France;Male;2;0;1;158264.62;42;retired;married;secondary;56;no;yes
Trevisano;689;Germany;Male;2;1;0;169381.9;38;blue-collar;married;secondary;-390;no;no
Tan;603;France;Male;8;1;1;169915.02;53;retired;married;secondary;330;no;yes
Glassman;620;France;Female;9;0;0;88852.47;59;housemaid;divorced;primary;195;no;no
Miller;676;France;Female;1;1;1;40645.81;36;services;married;secondary;301;no;yes
Kornilova;572;Germany;Male;4;0;0;60427.3;54;blue-collar;married;primary;-41;no;no
Watson;668;Germany;Male;7;0;1;157959.02;40;technician;married;tertiary;483;no;yes
Marchesi;695;France;Male;7;1;0;133007.34;47;unknown;married;unknown;28;no;yes
Millar;730;Spain;Female;9;0;0;176576.62;53;unemployed;married;unknown;13;no;yes
Shih;807;France;Male;1;1;0;34888.04;46;housemaid;married;primary;965;no;yes
Fuller;592;France;Male;8;1;1;28737.71;39;management;married;tertiary;378;yes;no
Hay;726;France;Female;9;1;1;98178.57;40;unemployed;married;secondary;219;no;yes
Yang;514;Spain;Male;7;0;1;125010.24;28;blue-collar;married;primary;324;no;yes
McIntyre;567;France;Male;2;1;1;167984.61;35;entrepreneur;divorced;secondary;-69;no;no
Stevenson;850;France;Male;10;1;0;4861.72;55;retired;married;secondary;0;yes;no
Poole;671;Germany;Male;6;1;1;108872.45;43;technician;divorced;unknown;205;no;no
Bagley;670;France;Male;4;1;0;198252.88;48;blue-collar;married;primary;278;no;no
Ch'ien;694;France;Female;9;1;1;26960.31;58;management;married;unknown;3195;no;yes
Cattaneo;547;Germany;Female;6;1;1;85746.52;33;management;single;tertiary;34;no;no
O'Sullivan;751;Germany;Male;2;1;0;77206.25;36;blue-collar;married;unknown;3099;no;no
Lucas;594;Germany;Female;3;1;0;61048.53;53;services;divorced;secondary;4401;no;yes
Ringrose;673;France;Male;1;0;1;111981.19;47;blue-collar;married;primary;-12;no;yes
Freeman;610;France;Male;0;1;0;62232.6;31;services;married;secondary;388;no;yes
Sergeyev;512;France;Female;1;0;1;156105.03;57;entrepreneur;married;secondary;294;no;yes
Fiore;767;Germany;Male;3;0;1;150135.38;53;blue-collar;married;unknown;5481;no;yes
Smith;585;France;Female;5;0;1;93146.11;55;blue-collar;married;primary;627;no;yes
Dumetochukwu;763;Germany;Male;6;1;0;33462.94;45;blue-collar;married;primary;25;no;no
Pacheco;712;France;Female;2;1;1;144375.0;53;admin.;divorced;secondary;315;no;no
Synnot;539;Germany;Female;3;1;0;55803.96;37;blue-collar;married;primary;0;no;no
Johnston;668;France;Female;2;1;0;89048.46;44;admin.;divorced;secondary;66;no;no
Stevens;703;France;Male;2;0;1;162812.16;49;blue-collar;divorced;primary;-9;yes;no
Grant;662;Spain;Male;4;1;0;136259.65;46;technician;married;secondary;349;yes;no
Tsao;725;Germany;Female;5;1;0;124052.97;43;entrepreneur;married;unknown;100;no;yes
Barnes;703;France;Male;8;0;1;74158.8;38;admin.;married;secondary;0;no;yes
McIntosh;659;Germany;Male;6;1;1;45071.09;43;technician;married;secondary;434;no;yes
Madison;523;Spain;Male;7;1;0;62030.06;49;management;married;tertiary;9711;no;yes
Ifesinachi;635;France;Female;10;1;0;131953.23;42;management;married;unknown;275;no;yes
Glazkov;772;Germany;Male;7;1;0;79414.0;22;blue-collar;single;secondary;0;no;no
Dimauro;545;France;Female;1;1;1;199638.56;40;management;married;tertiary;207;no;yes
Wieck;634;Germany;Male;8;1;1;157577.29;39;blue-collar;married;secondary;483;no;yes
Liao;739;Germany;Male;8;1;0;134420.75;51;services;married;secondary;6744;no;yes
Hughes;771;Germany;Female;5;0;0;99805.99;49;admin.;married;secondary;428;no;yes
Morrison;587;Spain;Female;1;1;1;97932.68;53;blue-collar;married;secondary;0;yes;no
Matveyeva;681;France;Female;0;0;1;170968.99;34;services;single;secondary;0;no;no
Ku;544;Germany;Male;2;1;1;57558.95;33;technician;divorced;secondary;140;no;no
Cheatham;696;Spain;Male;8;0;0;176713.47;50;management;single;tertiary;297;no;no
Yao;766;Spain;Male;0;0;1;34283.23;39;blue-collar;married;primary;279;no;yes
Kirkland;727;France;Male;10;1;1;198637.34;59;entrepreneur;divorced;secondary;901;no;no
Rose;671;Germany;Female;6;0;0;156917.12;30;technician;single;secondary;7719;no;yes
Jess;693;France;Female;6;1;1;50457.2;36;services;married;secondary;143;yes;no
Welch;850;Germany;Male;3;1;1;140075.55;40;blue-collar;married;secondary;475;no;yes
Ifeajuna;732;Germany;Male;9;1;1;65323.11;53;blue-collar;married;secondary;70;no;yes
Morton;726;Spain;Female;6;1;0;64323.24;34;management;single;tertiary;318;no;no
Rossi;557;France;Female;6;1;0;14956.44;37;technician;married;secondary;275;no;yes
Reppert;682;France;Female;0;0;1;111879.21;42;management;divorced;tertiary;742;no;no
Kang;738;Spain;Male;9;1;1;18606.23;41;entrepreneur;married;primary;236;no;yes
Ch'iu;531;Spain;Female;9;1;0;123137.01;30;student;single;tertiary;25;no;no
Wallis;498;France;Male;2;1;1;148528.24;37;management;single;tertiary;600;no;no
Clark;651;France;Male;7;1;0;13898.31;39;admin.;divorced;secondary;-349;no;no
Fielding;549;Spain;Female;7;0;0;81259.25;41;blue-collar;married;primary;183;yes;no
Zetticci;791;Germany;Female;7;1;0;161051.75;40;blue-collar;married;primary;0;no;no
Dulhunty;650;Spain;Male;9;0;1;191599.67;42;management;single;tertiary;0;yes;no
Bevington;733;Germany;Male;3;1;0;48559.19;40;blue-collar;divorced;primary;0;no;no
Boyle;811;Germany;Female;1;1;1;186339.74;57;technician;married;secondary;3234;no;yes
Newton;707;France;Male;8;1;0;33159.37;56;entrepreneur;divorced;secondary;155;no;no
Bowman;712;Germany;Male;4;0;1;93883.53;37;admin.;married;secondary;190;no;yes
Dubinina;706;Spain;Female;7;1;1;110899.3;59;retired;married;secondary;319;no;yes
Toscani;756;France;Male;3;1;1;11199.04;39;services;divorced;secondary;-185;no;no
Chiazagomekpere;777;France;Female;10;1;0;189992.97;49;services;married;secondary;47;no;yes
Allen;646;France;Male;6;0;1;164255.69;38;services;single;secondary;570;no;no
K'ung;714;France;Male;1;1;0;152167.79;36;self-employed;married;tertiary;19;no;yes
Wilsmore;782;France;Male;8;1;1;33949.67;50;blue-collar;married;primary;61;no;yes
Hargreaves;775;Spain;Male;10;1;1;68143.93;41;admin.;married;secondary;-62;yes;no
Huang;479;Germany;Male;4;1;1;47251.79;54;technician;married;tertiary;258;no;yes
Ch'ien;807;France;Male;7;1;1;25885.72;58;blue-collar;married;primary;76;no;yes
Wallwork;799;France;Female;8;0;1;192633.85;30;blue-collar;single;secondary;0;no;no
Chu;675;France;Male;7;1;0;34577.36;33;admin.;single;secondary;352;no;no
Kang;602;Spain;Male;5;1;0;161229.84;47;admin.;married;secondary;368;no;yes
Davidson;475;France;Female;8;1;0;100816.29;50;technician;single;tertiary;339;no;no
O'Donnell;744;Spain;Female;5;1;1;181694.44;32;blue-collar;married;secondary;3993;no;yes
Nnachetam;588;Spain;Male;10;1;0;79078.91;40;self-employed;married;secondary;672;no;yes
Chidiebele;703;Germany;Male;9;0;1;137316.32;37;management;married;tertiary;58;no;yes
Ahmed;747;Spain;Female;5;1;0;194926.86;54;technician;single;unknown;447;no;no
Booth;583;France;Male;7;1;0;51285.49;24;student;single;secondary;423;no;no
Chuang;750;Spain;Female;9;0;0;150401.53;54;management;married;tertiary;0;no;yes
Shao;681;France;Male;3;1;1;112491.96;34;technician;married;secondary;19;no;yes
Tsao;773;France;Male;2;1;0;73656.38;56;technician;divorced;primary;13;no;no
Tien;714;France;Female;4;1;1;106636.89;31;blue-collar;single;secondary;3;no;no
Chang;687;Spain;Female;7;1;0;155853.52;24;student;single;secondary;82;no;no
Johnson;511;France;Male;0;1;1;162599.51;42;blue-collar;divorced;primary;28;no;no
French;627;France;Male;5;1;1;103737.82;57;technician;married;secondary;792;no;yes
Efremov;694;France;Female;10;1;0;160990.27;42;blue-collar;married;unknown;408;no;no
Hartley;616;Spain;Female;6;0;0;15462.84;51;admin.;married;secondary;531;no;yes
Calabrese;687;France;Male;8;1;0;10334.05;57;retired;married;secondary;211;no;yes
Chiu;712;France;Female;6;1;1;190686.16;36;services;single;secondary;62;no;no
Brennan;553;France;Male;4;0;0;94440.45;53;services;married;unknown;257;no;yes
Onwuatuegwu;667;France;Male;1;1;1;28257.63;50;technician;married;secondary;3702;no;yes
Hewitt;731;France;Male;2;1;1;170034.95;54;management;married;tertiary;313;no;yes
Shih;629;Germany;Male;7;1;0;31824.29;55;blue-collar;married;secondary;89;no;no
Balashov;614;France;Male;4;1;0;127166.49;44;blue-collar;married;secondary;129;yes;no
Doyle;438;Germany;Male;8;1;0;44937.01;43;management;married;unknown;0;no;yes
Pokrovskii;652;France;Female;4;1;1;188603.07;56;admin.;married;secondary;353;no;yes
Collins;729;Germany;Male;6;1;0;145111.37;54;technician;married;unknown;851;no;yes
Russo;642;France;Male;3;0;0;171463.83;55;services;divorced;primary;96;yes;no
Skinner;806;Germany;Female;0;1;0;182822.5;37;services;divorced;secondary;398;yes;no
Robertson;744;Spain;Male;2;1;1;87213.33;33;admin.;single;tertiary;193;no;no
Atkinson;474;Spain;Male;3;0;0;57175.32;46;admin.;married;secondary;-358;no;yes
Doyle;559;France;Male;2;1;0;120540.83;36;blue-collar;married;secondary;539;yes;no
Ritchie;706;Spain;Male;9;1;1;28714.34;51;technician;single;secondary;0;no;no
McEncroe;628;Spain;Female;3;1;0;85426.28;40;retired;single;primary;0;no;no
Pearson;429;France;Male;4;1;0;46170.75;42;blue-collar;married;secondary;490;no;no
Gordon;525;Spain;Female;2;1;1;64448.36;51;blue-collar;married;secondary;0;no;yes
Ts'ai;680;France;Female;8;1;1;16278.97;49;blue-collar;married;unknown;403;no;yes
Lung;749;France;Male;1;1;0;182855.42;48;management;married;secondary;161;no;yes
Yuan;763;France;Female;4;0;0;50404.72;32;technician;divorced;tertiary;7674;no;yes
Pardey;734;France;Male;3;1;0;107640.25;31;admin.;single;secondary;98;no;no
Tai;716;France;Male;4;1;0;134132.65;55;management;single;tertiary;115;no;no
Scott;594;France;Male;2;1;0;103480.69;40;blue-collar;single;secondary;436;no;no
Hunter;644;France;Female;9;1;0;108761.05;47;technician;married;tertiary;831;no;yes
Mazzanti;671;Germany;Male;1;1;1;179012.3;57;technician;married;unknown;206;no;yes
L?;664;Germany;Male;7;1;1;95145.14;41;blue-collar;married;secondary;290;no;yes
Beach;656;France;Male;7;0;1;72143.44;48;blue-collar;married;secondary;1;no;yes
Hsieh;667;Spain;Female;1;1;0;19162.89;42;blue-collar;married;unknown;57;no;no
Faulkner;663;Germany;Male;2;0;1;144680.18;30;blue-collar;single;secondary;-457;no;no
Knowles;584;Germany;Female;8;1;0;177772.03;58;management;single;tertiary;4161;no;yes
Day;626;Spain;Female;6;1;0;5597.94;45;management;divorced;tertiary;73794;no;yes
Hsueh;485;France;Male;7;1;0;116828.51;49;blue-collar;married;secondary;30;no;no
Tsao;659;Germany;Female;3;0;1;174652.51;42;admin.;single;secondary;3066;no;no
Kennedy;649;France;Male;2;1;0;2010.98;53;technician;married;secondary;56;yes;no
Nwabugwu;805;Spain;Female;5;1;0;14109.85;51;admin.;single;secondary;-2;no;no
Young;716;Germany;Female;10;1;0;43527.4;32;services;single;secondary;121;no;no
Kerr;642;Germany;Female;6;0;1;86099.23;41;blue-collar;single;secondary;842;no;no
Tien;659;France;Male;4;0;0;161574.19;43;management;divorced;secondary;693;no;no
Marrero;545;Spain;Female;5;1;1;38970.14;40;blue-collar;divorced;secondary;-333;no;no
White;543;France;Male;8;0;0;127587.22;50;blue-collar;married;primary;4599;no;no
Pisano;718;France;Female;7;1;0;30380.12;34;management;married;tertiary;46;no;yes
Brown;840;France;Female;7;1;0;90908.95;53;services;married;unknown;18;no;yes
Freeman;630;Germany;Female;9;1;0;138275.01;45;technician;married;secondary;44;no;yes
Russell;643;Germany;Male;3;1;1;32171.79;39;blue-collar;married;primary;-100;no;yes
Seleznyov;654;Germany;Female;1;1;1;126143.23;44;services;married;tertiary;510;no;yes
Yusupova;582;France;Male;5;1;1;129892.93;55;management;married;tertiary;685;no;yes
Foley;659;Spain;Male;3;1;1;102416.84;46;management;single;tertiary;187;no;no
Shih;762;Spain;Male;2;1;1;18719.67;45;blue-collar;married;secondary;66;no;yes
Ikedinachukwu;568;Spain;Female;7;1;0;61936.22;34;admin.;married;secondary;560;no;yes
Power;670;Spain;Male;6;1;1;78358.94;36;blue-collar;married;secondary;0;no;yes
Amos;613;France;Female;1;1;1;147224.27;59;unknown;divorced;unknown;27;no;no
Reed;539;France;Male;0;1;0;160979.66;31;admin.;single;secondary;12;no;no
Simmons;850;Spain;Female;8;1;1;132298.49;44;blue-collar;single;secondary;34;no;no
Ricci;522;Spain;Male;9;1;0;174248.52;33;entrepreneur;single;tertiary;3204;no;no
Yen;737;France;Male;1;1;1;123547.28;40;blue-collar;married;secondary;211;no;yes
Campbell;520;France;Male;3;0;1;32790.02;46;admin.;single;tertiary;377;no;no
West;706;Spain;Male;3;0;1;181543.67;48;management;married;tertiary;263;no;yes
Robinson;643;Germany;Female;2;0;1;2319.96;42;services;married;secondary;3789;no;yes
Bianchi;648;France;Female;9;1;1;189543.19;27;services;married;secondary;8;no;yes
Chen;443;Germany;Female;9;1;0;10940.4;48;admin.;married;secondary;126;yes;no
Madukaego;640;France;Male;9;1;1;199493.38;59;admin.;married;secondary;230;no;yes
Ibrahimova;628;Spain;Female;3;1;1;188193.25;46;technician;married;tertiary;841;no;yes
Nolan;540;Germany;Female;9;1;0;172572.64;38;admin.;divorced;secondary;308;no;no
Scott;460;Germany;Female;8;1;1;189339.6;43;management;divorced;tertiary;1;no;no
Blair;636;Germany;Male;2;0;1;53512.16;38;admin.;divorced;tertiary;86;no;no
Monaldo;593;France;Female;2;1;0;34004.44;23;student;single;secondary;157;no;no
Sutherland;801;Spain;Male;4;1;1;10598.29;34;services;married;secondary;22;no;yes
Cole;640;Germany;Female;1;0;1;113428.77;38;admin.;married;secondary;46;yes;no
Briggs;611;Germany;Male;0;1;1;183487.98;37;blue-collar;married;secondary;3879;no;yes
Gregory;802;Germany;Male;1;1;1;187658.09;25;admin.;single;secondary;122;no;no
Bianchi;717;Germany;Male;7;1;1;172459.39;48;blue-collar;married;unknown;131;no;yes
Angelo;769;France;Female;8;0;1;21016.0;49;blue-collar;single;secondary;143;no;no
Gardiner;745;Germany;Male;10;1;1;122381.02;38;admin.;single;secondary;393;no;no
Kerr;572;Spain;Male;4;1;0;128123.66;43;blue-collar;married;primary;98;no;no
Ko;629;Spain;Female;2;1;0;19570.63;33;management;married;tertiary;0;no;yes
Distefano;687;Spain;Female;2;0;0;188150.6;55;blue-collar;married;secondary;224;no;no
Farrell;483;France;Female;9;1;1;111020.24;38;blue-collar;married;secondary;757;no;yes
Milano;690;France;Male;7;1;0;123775.15;49;services;married;secondary;245;yes;no
Ting;492;Germany;Female;10;0;1;146700.22;40;management;married;secondary;25458;no;yes
Boyd;709;Germany;Male;8;1;0;145251.35;43;admin.;married;unknown;350;no;yes
Onyemaechi;705;Germany;Male;3;1;0;82463.69;38;blue-collar;married;secondary;20;no;no
Black;560;France;Female;9;1;1;15928.49;58;services;married;secondary;5001;yes;no
Oliver;611;Spain;Male;6;1;0;45886.33;57;technician;married;unknown;345;no;yes
Greco;730;Spain;Male;2;1;1;186489.95;32;unemployed;married;secondary;10;no;yes
Whitehead;709;Spain;Female;2;0;1;162922.65;56;management;married;tertiary;830;yes;no
Ikemefuna;544;France;Female;10;1;0;9262.77;58;blue-collar;divorced;unknown;29;no;no
Morrison;712;Germany;Female;7;1;1;84932.4;60;retired;divorced;secondary;545;no;no
Onyeoruru;752;Germany;Male;3;1;1;71557.12;37;technician;married;tertiary;26190;no;yes
Cunningham;648;Spain;Male;9;1;0;77405.95;46;technician;divorced;tertiary;477;no;no
Demidov;556;Spain;Male;8;0;0;417.41;27;admin.;married;secondary;4;no;yes
Celis;594;Spain;Female;0;1;1;71405.17;43;blue-collar;married;secondary;3615;no;yes
Cheng;645;Germany;Female;2;0;1;153400.24;32;technician;single;secondary;0;yes;no
Knight;557;France;Male;3;1;1;371.05;40;admin.;single;secondary;263;no;no
Morin;547;Germany;Male;8;1;0;67789.99;38;admin.;married;secondary;1;no;yes
Mills;701;France;Female;9;0;1;145894.9;34;blue-collar;married;secondary;283;yes;no
Outhwaite;616;France;Female;1;1;0;183840.51;47;blue-collar;married;primary;206;no;no
Tung;605;France;Male;1;1;0;108887.44;42;housemaid;married;primary;17;no;yes
Pai;593;Germany;Female;4;1;1;154071.27;48;technician;married;secondary;141;yes;no
Carpenter;751;Spain;Male;8;0;1;179291.85;29;self-employed;single;tertiary;16;no;no
Fennell;443;Spain;Male;6;0;1;56937.43;50;services;married;secondary;206;no;yes
Fontaine;685;France;Male;8;1;1;112239.03;52;technician;married;unknown;7;no;yes
Pratt;718;France;Male;9;1;0;45909.87;50;management;married;tertiary;0;no;yes
Mitchell;538;Spain;Female;9;0;0;173779.25;58;retired;married;tertiary;0;no;yes
Franklin;611;Spain;Female;4;1;0;125696.26;46;blue-collar;divorced;primary;5781;no;no
K'ung;668;Germany;Male;10;1;1;159585.61;38;technician;married;secondary;284;no;yes
Ko;537;Germany;Female;3;1;0;106761.47;46;blue-collar;married;secondary;4980;no;no
McKenzie;709;Spain;Male;10;0;0;129590.18;32;services;single;secondary;406;no;no
Pino;850;France;Male;1;1;1;80006.65;51;blue-collar;married;primary;230;no;yes
Fisk;745;Spain;Female;3;1;1;140451.52;39;admin.;single;secondary;-25;no;no
Chiang;693;Germany;Female;9;1;1;187929.43;48;admin.;married;secondary;182;no;yes
Moseley;795;Spain;Male;8;1;0;167155.36;36;entrepreneur;married;tertiary;3507;no;yes
Hsiung;626;Spain;Male;8;0;0;191420.71;34;admin.;divorced;secondary;67;no;no
Heath;487;Germany;Female;5;0;0;11384.45;40;technician;married;secondary;77;no;yes
Dellucci;556;France;Female;9;1;1;94898.1;43;unemployed;married;secondary;0;no;yes
Li;643;France;Female;6;0;0;106781.59;52;blue-collar;divorced;primary;55;yes;no
De Salis;605;France;Female;6;0;0;159508.52;33;technician;married;secondary;72;no;yes
T'ang;756;Germany;Female;3;1;0;93524.19;49;management;single;tertiary;163;no;no
Richardson;586;France;Female;2;1;0;87168.46;32;management;single;tertiary;151;no;no
Fitch;535;Germany;Male;7;1;0;8128.32;39;admin.;single;secondary;113;no;no
Stevenson;678;France;Female;4;1;0;125518.32;40;blue-collar;married;secondary;0;no;no
Estes;596;France;Male;9;1;0;48963.59;38;technician;single;tertiary;9;no;no
Lattimore;648;France;Male;9;1;0;98368.24;43;management;married;secondary;375;no;yes
Chung;492;Germany;Male;10;1;0;148584.61;39;services;married;secondary;3426;no;yes
Utz;702;France;Male;0;1;1;27474.81;54;blue-collar;married;primary;6306;no;yes
Wei;486;Germany;Female;9;1;0;76192.21;38;technician;single;tertiary;12975;no;yes
Boyle;568;Germany;Male;1;0;0;134600.94;40;blue-collar;married;secondary;217;no;no
Nwachinemelu;619;Germany;Male;3;1;1;72467.99;55;admin.;married;secondary;131;no;yes
Kuznetsova;724;Germany;Male;2;0;1;199645.45;42;management;married;tertiary;5040;no;yes
Pisani;548;Germany;Female;0;1;0;42749.85;39;blue-collar;married;secondary;0;no;no
Manna;545;Germany;Female;8;1;0;136050.44;40;blue-collar;married;primary;46;no;no
Collier;683;France;Male;8;0;0;73564.44;32;blue-collar;married;secondary;320;no;no
Ricci;762;France;Female;3;0;1;85578.63;55;admin.;married;secondary;183;no;yes
Carr;627;Germany;Female;4;1;0;129826.89;45;blue-collar;married;secondary;39;no;no
Hs?;516;France;Male;10;0;0;119666.0;35;management;single;tertiary;560;no;no
Findlay;800;France;Female;2;1;0;68052.08;58;technician;divorced;secondary;469;no;no
Hughes;464;Germany;Female;3;1;1;164104.74;35;admin.;married;secondary;530;no;yes
Chukwuemeka;626;France;Female;3;0;0;80190.36;49;services;married;primary;61;no;yes
Genovese;790;France;Female;9;1;0;84126.75;34;technician;single;tertiary;242;no;no
Swift;534;France;Female;7;1;1;70179.0;36;blue-collar;married;secondary;139;no;yes
Ugoji;745;France;Male;2;1;1;118024.1;24;self-employed;single;secondary;0;no;no
Parkinson;553;Spain;Male;3;0;0;145704.19;34;technician;married;secondary;367;no;yes
Ross;748;France;Female;1;0;1;183049.41;51;admin.;divorced;secondary;228;no;no
Oleary;722;France;Male;2;0;0;120906.83;39;technician;single;unknown;135744;no;yes
Turnbull;501;France;Male;4;1;1;100433.83;50;self-employed;married;unknown;-84;no;yes
Uspensky;675;France;Female;6;0;0;138777.0;32;services;single;secondary;310;no;no
Cook;778;Spain;Female;6;1;0;124694.99;42;blue-collar;married;unknown;132;no;no
Newbold;494;Germany;Female;7;1;0;40084.32;50;technician;married;secondary;797;no;yes
Uchechukwu;850;France;Male;9;0;1;119232.33;40;services;married;secondary;71;no;yes
Ch'en;592;Spain;Male;7;0;0;43921.36;46;management;divorced;unknown;2;no;no
He;590;Spain;Female;3;1;0;62222.81;37;management;married;tertiary;231;yes;no
Hilton;758;France;Female;6;0;1;56577.0;34;blue-collar;married;secondary;270;yes;no
Sal;506;France;Male;5;1;0;164253.35;44;blue-collar;married;secondary;274;yes;no
Eluemuno;733;France;Male;3;1;1;7666.73;40;admin.;single;secondary;-109;yes;no
Titus;711;France;Male;3;1;0;68487.51;37;technician;married;secondary;1;no;yes
Yin;514;Germany;Male;1;0;1;199273.98;33;blue-collar;single;secondary;-60;no;no
Lettiere;637;Spain;Male;8;1;1;186062.36;35;blue-collar;married;secondary;89;no;yes
Templeman;468;Germany;Male;1;1;1;195711.16;58;blue-collar;divorced;secondary;-11;no;no
Chibuzo;539;France;Male;3;1;0;36692.17;39;blue-collar;married;primary;0;no;no
Sun;509;Spain;Female;3;1;0;106920.57;43;blue-collar;married;secondary;-509;no;no
Evans;662;France;Female;4;1;1;48725.68;39;unemployed;married;primary;408;no;yes
Ogbonnaya;818;Spain;Male;4;1;1;167036.94;36;services;single;primary;58;no;no
Enyinnaya;608;France;Male;9;1;0;68777.26;57;retired;single;secondary;4920;yes;no
Olisanugo;850;Spain;Female;9;1;1;18924.92;36;admin.;single;secondary;20;no;no
Brookes;816;Germany;Female;5;1;0;71905.77;50;blue-collar;married;primary;71;no;no
Padovano;536;France;Male;8;1;0;64833.28;55;blue-collar;married;secondary;52;no;no
Fisk;753;France;Male;3;1;1;184843.77;44;self-employed;married;tertiary;292;no;yes
Shih;631;Spain;Male;10;1;1;176730.02;44;services;divorced;secondary;424;no;no
Hare;703;France;Male;1;1;0;20629.4;39;housemaid;single;primary;109;no;no
Muir;774;France;Male;2;1;0;28415.36;46;blue-collar;married;unknown;3132;no;no
Fanucci;785;France;Male;8;1;0;77231.27;39;blue-collar;married;secondary;983;no;no
Elewechi;571;France;Female;1;1;0;102750.7;34;admin.;married;secondary;869;no;yes
Johnston;621;Germany;Male;6;0;0;34580.8;40;blue-collar;married;primary;668;no;no
Pisano;605;Germany;Female;1;1;1;183598.77;50;management;married;tertiary;964;no;yes
Ankudinov;611;France;Female;8;1;0;147358.27;31;management;single;secondary;301;no;no
Nwokike;569;France;Male;7;1;1;108469.2;37;admin.;single;secondary;140;no;no
Smith;658;France;Male;4;1;1;20612.82;39;management;single;secondary;5631;no;yes
Atkins;788;Spain;Male;6;0;1;181196.76;51;blue-collar;married;primary;3381;no;yes
Burns;525;France;Female;5;1;0;160249.1;41;technician;married;secondary;871;no;yes
Obiuto;798;France;Male;8;0;0;110783.28;41;technician;married;secondary;767;yes;no
Pirozzi;486;Germany;Male;9;1;0;144995.33;43;blue-collar;married;secondary;0;no;no
George;615;Spain;Male;9;1;0;150227.85;30;services;single;secondary;209;no;no
Lewis;730;France;Female;0;1;1;53718.28;54;management;divorced;primary;0;no;no
Moran;641;France;Male;7;1;0;75248.3;43;blue-collar;divorced;secondary;110;yes;no
Dalrymple;542;France;Male;3;1;1;14353.43;59;management;divorced;tertiary;-76;yes;no
Carslaw;692;France;Male;2;0;1;130486.57;47;technician;married;unknown;178;no;yes
Kirby;714;Germany;Female;9;1;1;100127.71;40;blue-collar;married;primary;-66;no;yes
Houghton;591;Spain;Male;1;1;1;196356.17;32;technician;married;secondary;0;no;yes
Martin;710;France;Female;2;1;1;9983.88;29;blue-collar;married;secondary;1;no;yes
Tan;639;France;Female;4;0;1;118974.77;36;blue-collar;married;secondary;0;no;yes
Hsia;531;France;Female;6;0;0;194998.34;55;unemployed;married;tertiary;16035;no;yes
Westerberg;673;France;Female;2;0;0;134901.34;30;blue-collar;divorced;secondary;-209;no;no
Hale;765;Germany;Male;8;1;1;72924.56;39;admin.;single;secondary;0;no;no
Kryukova;622;France;Female;6;1;0;101057.95;39;blue-collar;divorced;secondary;42;no;no
Sopuluchukwu;806;France;Male;5;1;1;142838.64;50;blue-collar;divorced;secondary;41;no;no
Barry;757;Germany;Male;8;1;1;127059.04;44;blue-collar;married;secondary;-99;no;yes
Selezneva;570;France;Female;8;0;1;116503.92;37;technician;single;secondary;17;no;no
Chizuoke;555;Spain;Male;4;1;1;54405.79;46;admin.;married;primary;276;yes;no
Lueck;692;France;Male;5;1;1;88721.84;32;technician;single;unknown;-170;no;no
Udinese;774;France;Male;5;1;0;74135.48;37;management;single;tertiary;230;yes;no
Udobata;638;Spain;Male;9;1;1;111346.22;29;blue-collar;married;secondary;9;no;yes
Freeman;543;Spain;Female;4;0;0;194902.16;41;blue-collar;married;secondary;946;no;no
Outlaw;584;France;Male;5;1;0;31474.27;45;blue-collar;married;primary;3891;no;no
Obiuto;691;Germany;Male;7;1;0;21198.39;57;retired;divorced;secondary;-331;no;no
Lo;684;Germany;Female;6;1;0;186976.6;48;blue-collar;single;secondary;44;no;no
Okechukwu;733;France;Male;5;1;1;117202.19;60;retired;married;secondary;15;no;yes
King;599;Spain;Female;2;1;1;143739.29;26;admin.;single;secondary;712;no;no
Forbes;524;Germany;Female;10;1;1;161811.23;58;retired;married;secondary;16305;no;yes
Macleod;632;Germany;Female;6;1;0;98090.91;34;admin.;married;secondary;507;no;yes
Gibbs;735;Spain;Male;5;0;0;71095.41;55;unemployed;divorced;secondary;387;no;no
Isayev;734;France;Male;6;1;1;13107.24;41;blue-collar;married;primary;0;yes;no
Pisano;605;France;Female;3;1;1;67110.59;50;management;divorced;secondary;5148;no;yes
Belstead;793;Spain;Male;9;1;0;88225.02;49;entrepreneur;married;secondary;167;yes;no
Vassiliev;468;France;Female;10;0;1;62256.87;44;admin.;married;unknown;40;yes;no
Schneider;779;Germany;Male;7;1;0;135925.72;44;blue-collar;married;primary;148;no;no
Mazzanti;698;France;Male;4;0;1;177815.87;31;technician;married;secondary;17;yes;no
Knipe;707;France;Male;6;0;1;126471.13;34;blue-collar;single;tertiary;3033;no;no
Macartney;850;France;Female;1;1;0;188574.12;46;management;single;unknown;4581;no;yes
Madukwe;850;France;Male;7;1;1;119175.45;42;management;married;tertiary;744;no;yes
Watts;527;Spain;Male;5;1;1;139093.73;52;admin.;married;secondary;484;no;yes
Humphreys;696;Germany;Male;8;1;1;115916.55;29;management;single;tertiary;0;no;no
Wu;661;France;Male;3;0;0;96463.25;53;retired;married;primary;136;no;yes
Chin;776;France;Female;2;1;1;112349.51;43;blue-collar;married;secondary;4005;no;yes
Chesnokova;701;France;Male;2;1;1;165303.79;38;management;married;secondary;517;no;yes
Kung;610;France;Male;8;1;0;166031.08;46;management;married;tertiary;459;no;yes
Lu;572;Germany;Female;3;1;0;38411.79;48;management;divorced;unknown;549;no;no
Nkemakolam;673;France;Male;1;1;1;77783.35;30;admin.;divorced;secondary;83;yes;no
Walton;519;Spain;Female;2;1;1;29871.79;44;blue-collar;married;primary;213;no;yes
Brookes;702;Spain;Female;4;0;1;59747.63;31;housemaid;married;primary;203;no;yes
Baldwin;729;France;Male;6;1;1;79919.13;42;services;single;secondary;518;no;no
Mai;543;Spain;Male;10;1;0;76773.53;40;management;single;tertiary;11631;no;yes
Shih;550;France;Female;7;1;0;54018.93;52;admin.;married;secondary;3708;no;yes
He;608;France;Male;1;1;0;70649.64;45;blue-collar;divorced;secondary;756;no;no
Fiorentini;639;Germany;Male;10;1;0;59093.39;48;blue-collar;married;secondary;157;no;no
Lucciano;686;Spain;Male;9;1;0;127569.8;45;blue-collar;married;primary;-66;no;no
Ferreira;564;Germany;Female;5;0;1;18260.98;34;blue-collar;married;unknown;245;no;yes
Ukaegbunam;745;Germany;Female;1;1;0;73275.96;34;blue-collar;married;primary;-144;no;no
De Luca;833;France;Male;8;1;1;136129.49;46;blue-collar;married;secondary;71;no;yes
Milne;622;France;Male;9;1;1;153237.59;49;services;divorced;secondary;505;no;no
Davide;597;France;Female;4;1;1;106841.12;50;technician;married;primary;249;no;yes
Kodilinyechukwu;721;Spain;Male;0;1;0;109078.35;34;admin.;single;secondary;0;no;no
Little;504;France;Female;7;0;1;87822.14;40;unemployed;single;secondary;11;no;no
Burns;842;Spain;Female;2;1;0;126644.98;36;admin.;married;secondary;639;no;yes
Paterson;587;France;Male;0;1;0;47414.15;59;blue-collar;divorced;unknown;124;no;no
Han;479;Germany;Female;7;1;0;41879.99;45;blue-collar;married;secondary;82;no;no
Kryukova;508;France;Male;7;1;1;75808.1;36;self-employed;married;tertiary;107;no;yes
Ijendu;749;France;Male;1;1;1;47911.03;56;services;married;secondary;473;no;yes
Reichard;721;Germany;Female;3;1;0;28737.78;42;services;divorced;secondary;372;yes;no
Day;674;Germany;Male;6;1;1;2079.2;30;admin.;married;secondary;46;no;yes
Price;685;Spain;Female;10;1;0;121562.33;30;student;single;tertiary;34;no;no
Bruce;417;France;Male;7;1;0;55003.79;47;self-employed;married;unknown;935;no;yes
Sumrall;574;Germany;Male;3;1;0;193131.42;33;blue-collar;married;secondary;-10;no;no
Lu;590;Spain;Female;3;0;1;191932.27;36;admin.;married;secondary;-106;no;yes
Lazarev;587;Germany;Male;5;1;0;159418.1;39;services;divorced;primary;471;no;no
Miller;598;Germany;Male;3;1;0;191468.78;56;admin.;divorced;secondary;778;no;no
Wentworth-Shields;741;Spain;Male;3;1;1;38913.68;39;blue-collar;divorced;unknown;170;no;no
Ritchie;850;Spain;Female;5;1;1;705.18;42;technician;married;secondary;315;no;yes
Mackenzie;584;Germany;Female;7;0;1;138490.03;52;blue-collar;married;secondary;9495;no;yes
Power;650;Spain;Male;1;0;1;82970.69;36;admin.;divorced;secondary;131;no;no
Tan;607;Spain;Male;8;1;1;76744.72;35;entrepreneur;married;secondary;204;no;yes
Pendergrass;509;France;Female;1;1;0;71244.59;47;technician;married;secondary;83;no;yes
Evans;689;Spain;Female;6;1;1;12182.15;59;services;divorced;secondary;0;yes;no
Hsia;543;France;Male;4;1;1;141210.5;57;blue-collar;married;primary;16293;yes;no
Billson;438;Spain;Female;2;0;0;191763.07;38;management;married;unknown;5277;no;yes
Teng;687;Spain;Female;1;1;1;37938.74;46;unemployed;married;secondary;-125;no;yes
Moretti;737;Germany;Male;5;1;1;74890.58;34;blue-collar;married;secondary;0;no;yes
Jordan;761;France;Male;7;1;1;166698.18;28;services;single;secondary;15270;no;yes
Ts'ao;601;France;Male;1;1;1;62678.53;38;technician;married;unknown;573;no;yes
Osborne;651;France;Male;1;1;0;67740.08;56;blue-collar;married;secondary;4806;no;no
Carslaw;745;France;Male;9;1;0;161519.77;41;blue-collar;single;primary;-137;yes;no
Ch'ang;648;Spain;Female;10;1;1;159835.78;52;technician;married;unknown;0;no;yes
Hung;848;Spain;Male;3;1;1;30876.84;54;services;married;secondary;193;no;yes
Gordon;546;France;Female;8;1;1;14858.1;61;retired;married;secondary;195;yes;no
Obialo;439;Spain;Female;3;1;0;75685.97;53;entrepreneur;married;secondary;288;no;yes
Gray;755;France;Male;4;0;1;144183.1;47;technician;married;secondary;19;no;yes
Lin;593;France;Female;6;1;0;65170.66;53;blue-collar;married;primary;25;no;no
Hopkins;701;France;Male;2;1;1;82526.92;46;services;married;secondary;216;no;yes
Dobson;701;Spain;Male;8;1;0;169161.46;39;blue-collar;divorced;primary;190;yes;no
McKay;607;Spain;Female;2;0;1;109291.39;56;technician;divorced;secondary;99;no;no
Revell;586;Spain;Female;3;0;1;6057.81;55;services;divorced;primary;6894;no;yes
Rickards;547;Germany;Female;9;1;0;77077.14;44;management;married;tertiary;17;no;yes
Begum;647;Germany;Female;1;0;0;54954.51;37;technician;married;primary;0;no;yes
Onyinyechukwuka;760;France;Female;2;0;0;179614.8;35;blue-collar;married;primary;0;no;no
Zuyev;621;Spain;Male;9;1;0;35588.07;55;blue-collar;married;secondary;840;no;no
Nwankwo;725;France;Male;5;1;1;117356.14;37;services;married;secondary;358;no;yes
Hao;526;France;Male;1;1;0;160696.72;30;technician;single;secondary;0;no;no
Ma;519;Spain;Female;6;0;0;147278.43;37;blue-collar;married;primary;-325;yes;no
Okwuadigbo;713;Germany;Female;7;1;1;56594.36;36;technician;single;secondary;-15;no;no
Mitchell;700;France;Male;8;1;0;1299.75;38;technician;married;secondary;581;no;yes
Chan;666;France;Female;9;1;1;25095.03;41;admin.;divorced;primary;12210;no;yes
Buchi;630;Spain;Male;4;0;0;146326.45;48;retired;married;secondary;74;yes;no
Greco;779;Spain;Female;4;0;1;38296.21;55;services;divorced;secondary;141;no;no
Lombardi;611;Germany;Female;2;1;0;164061.6;28;services;divorced;secondary;89;no;no
Uchenna;685;Spain;Male;9;1;0;107811.28;54;services;married;secondary;0;no;yes
Coffman;646;Germany;Male;9;1;1;30838.51;30;blue-collar;married;secondary;450;no;yes
Alexandrova;683;Germany;Female;5;0;0;9221.78;48;technician;married;tertiary;310;no;yes
Fallaci;484;Germany;Female;4;0;1;33738.27;31;self-employed;married;secondary;0;no;yes
Hudson;601;France;Female;8;0;1;110916.15;38;blue-collar;married;secondary;384;no;yes
Mai;762;Spain;Female;7;1;1;169654.57;37;blue-collar;married;secondary;395;no;yes
Stout;687;France;Female;9;0;1;69829.4;37;services;single;unknown;-118;no;no
Burke;566;France;Male;5;1;0;54926.51;56;blue-collar;married;primary;5;yes;no
Chadwick;702;France;Male;10;1;1;94728.49;51;blue-collar;married;secondary;50;yes;no
Lawrence;601;France;Male;9;1;1;80393.27;39;blue-collar;married;secondary;285;yes;no
Bellucci;699;France;Male;4;0;1;111307.98;49;technician;married;unknown;15;no;yes
Harper;584;France;Male;10;1;0;19834.32;51;blue-collar;married;primary;653;yes;no
Boyle;699;France;Male;5;1;1;78397.24;43;self-employed;married;secondary;918;no;yes
Duncan;698;Germany;Female;2;1;0;86410.28;32;services;married;secondary;243;yes;no
Moss;495;France;Male;10;0;0;172749.65;29;technician;single;tertiary;405;no;no
Avdeyeva;650;France;Female;6;1;0;1002.39;48;management;divorced;tertiary;3984;no;no
Crawford;605;France;Female;2;1;1;13601.79;55;services;married;primary;255;no;yes
Lynton;667;Spain;Male;1;1;1;77866.91;53;blue-collar;married;secondary;10191;no;yes
Duncan;688;Germany;Male;8;1;1;175296.76;47;technician;married;unknown;6318;no;yes
Gether;727;Spain;Female;0;1;0;121751.04;39;management;married;tertiary;8631;no;yes
Davidson;754;Spain;Male;6;1;0;89593.26;31;blue-collar;single;tertiary;60;yes;no
Larionova;612;Germany;Female;8;1;0;193437.89;39;blue-collar;married;primary;6678;no;no
Loggia;546;Spain;Male;7;1;1;86945.0;40;blue-collar;married;primary;8640;no;yes
Steinhoff;673;Spain;Female;8;1;1;183318.79;40;technician;single;unknown;-5;no;no
Guerra;593;France;Male;9;1;0;71154.1;48;technician;married;secondary;147;no;yes
Pai;656;Spain;Female;10;0;1;151887.16;33;technician;divorced;secondary;7;yes;no
Craig;535;Germany;Female;5;1;1;75888.65;40;technician;married;secondary;109;no;yes
Lazareva;678;Germany;Male;3;0;1;89566.74;59;retired;married;primary;-119;no;yes
Ch'iu;477;Spain;Female;2;0;1;26475.79;30;technician;married;secondary;484;no;yes
Alderete;850;Spain;Male;7;0;0;126355.8;31;management;single;tertiary;5556;no;yes
Kung;427;France;Male;1;1;1;93839.3;35;unemployed;married;secondary;533;no;yes
Palermo;752;France;Male;2;1;0;7698.6;54;technician;divorced;secondary;21;no;no
Ts'ai;649;France;Male;1;1;1;145593.85;34;admin.;single;unknown;7302;no;yes
Rahman;799;Spain;Female;3;1;0;45042.56;32;technician;married;secondary;90;yes;no
McMillan;589;France;Female;1;1;0;61108.56;56;admin.;divorced;unknown;12738;no;yes
Pickering;583;Germany;Female;6;1;0;57553.98;32;admin.;single;tertiary;395;no;no
Mirams;839;Spain;Female;10;1;0;62674.42;42;blue-collar;married;primary;15;no;no
Tsao;540;Germany;Male;3;1;1;12120.79;33;services;married;tertiary;85;no;yes
Douglas;850;France;Male;6;0;0;50129.87;52;entrepreneur;married;tertiary;-184;yes;no
Jideofor;696;Spain;Female;5;1;0;55022.43;52;services;married;secondary;660;no;yes
Bell;660;Spain;Female;1;0;0;117834.91;52;blue-collar;divorced;primary;-183;no;no
Mairinger;682;France;Male;1;0;1;168840.23;30;unemployed;divorced;secondary;3432;no;no
McIntyre;744;France;Female;10;0;1;24234.11;44;services;divorced;secondary;1;no;no
Pagnotto;785;France;Female;4;0;0;190627.01;35;admin.;married;secondary;69;yes;no
K'ung;752;Spain;Male;5;1;0;156618.38;55;management;single;secondary;220;no;no
Feng;706;France;Female;5;1;0;42334.38;33;blue-collar;married;primary;332;no;no
Donaldson;583;France;Female;1;1;1;110784.42;37;blue-collar;single;secondary;240;no;no
Chambers;660;Germany;Female;5;1;0;173683.0;42;technician;single;secondary;0;no;no
Marcelo;819;France;Female;9;1;0;27046.46;43;unemployed;married;secondary;0;no;yes
Ejimofor;673;France;Female;8;1;0;20598.59;38;entrepreneur;married;tertiary;898;no;yes
Dale;752;France;Female;3;1;1;104991.28;37;technician;married;secondary;123;yes;no
Pokrovsky;578;France;Male;7;1;0;8996.97;31;student;single;secondary;252;no;no
Stonebraker;438;France;Female;4;1;0;64420.5;41;management;married;tertiary;65;no;yes
Liang;652;France;Male;6;1;1;145700.22;41;technician;married;secondary;-366;yes;no
Anderson;629;France;Female;4;1;1;196335.48;29;student;single;secondary;209;no;no
Christian;720;France;Male;7;1;1;14781.12;38;admin.;single;secondary;221;no;no
Mao;668;France;Male;3;1;0;108139.23;44;self-employed;divorced;tertiary;4;no;no
Campbell;459;Germany;Male;4;1;1;19287.06;39;admin.;married;secondary;104;no;yes
Ginikanwa;729;Spain;Male;8;1;1;9567.39;28;technician;single;secondary;312;no;no
Toscani;498;Germany;Male;8;1;1;132210.49;33;blue-collar;married;secondary;-349;no;yes
Nnachetam;549;Spain;Male;6;0;1;21600.11;41;services;married;unknown;4;no;yes
Sagese;601;Germany;Female;1;1;1;199661.5;40;blue-collar;married;primary;-322;yes;no
Fleming;544;France;Male;9;1;1;124341.49;29;admin.;married;secondary;-150;no;yes
Grubb;751;France;Female;6;1;0;15766.1;38;management;married;unknown;4047;no;yes
Napolitani;632;Germany;Female;3;1;1;33642.21;32;admin.;married;tertiary;281;no;yes
Anenechi;694;Spain;Male;8;1;1;117704.65;45;services;married;secondary;3777;no;yes
Chandler;678;France;Male;2;1;1;58803.28;33;admin.;single;secondary;101;no;no
Howells;695;France;Male;4;1;1;137537.22;34;blue-collar;married;secondary;848;no;yes
Akeroyd;661;France;Female;1;0;1;131300.68;41;entrepreneur;married;unknown;89;no;yes
Onwumelu;661;France;Male;9;1;1;84174.81;41;blue-collar;married;secondary;140;no;yes
Wallace;559;France;Female;3;0;1;160941.78;35;admin.;single;secondary;148;no;no
Uwaezuoke;503;France;Male;3;1;1;143954.99;40;technician;single;secondary;200;no;no
Loyau;695;Spain;Male;3;1;1;56297.85;60;self-employed;married;primary;46;no;yes
Small;640;France;Female;5;1;1;8404.73;47;services;divorced;secondary;201;no;no
Bledsoe;624;Germany;Female;3;0;0;30020.09;46;blue-collar;married;primary;530;no;no
Kao;667;France;Male;9;0;1;58137.42;31;blue-collar;single;secondary;0;no;no
Wickens;642;France;Male;0;0;0;47472.68;49;self-employed;married;secondary;1;no;yes
Wertheim;640;Spain;Female;6;1;1;19131.71;29;blue-collar;married;secondary;43;no;yes
He;529;Spain;Male;5;1;1;187288.5;31;management;single;tertiary;-173;no;no
Jarvis;563;France;Female;5;1;1;17603.81;38;management;married;tertiary;389;no;yes
P'an;593;Spain;Female;4;1;0;67020.03;37;blue-collar;married;primary;215;yes;no
Repina;739;Germany;Male;7;0;1;147802.94;35;technician;married;secondary;-131;no;yes
Pugliesi;788;Spain;Female;1;1;1;41610.62;31;management;single;secondary;783;no;no
Blakey;684;Spain;Female;3;1;0;44255.65;41;admin.;married;secondary;0;no;yes
Nucci;482;France;Male;5;0;1;78416.14;46;services;married;unknown;80;no;yes
Higinbotham;591;Spain;Male;5;0;1;137254.55;40;services;divorced;secondary;105;no;no
Achebe;651;Germany;Female;4;0;1;151303.48;29;admin.;married;secondary;182;yes;no
Russo;749;Germany;Female;8;0;0;86333.63;49;admin.;married;secondary;82;no;yes
Trevisani;583;France;Male;9;0;0;89801.9;42;management;married;tertiary;0;no;yes
Dobie;661;Spain;Male;2;0;0;29358.57;54;services;married;secondary;510;no;yes
Maccallum;715;France;Female;2;1;1;181600.72;40;management;single;tertiary;242;no;no
Watkins;769;Germany;Female;5;1;0;124118.71;53;admin.;married;secondary;244;yes;no
Mitchel;625;France;Female;7;1;0;38867.46;49;management;married;tertiary;92;no;yes
Ferdinand;641;France;Female;5;1;0;31106.67;40;blue-collar;married;primary;0;no;no
Otitodilinna;716;Germany;Male;1;1;0;67611.36;29;student;single;secondary;948;no;no
Mamelu;767;France;Male;1;1;0;77837.63;36;blue-collar;married;primary;23;no;no
Beneventi;745;Germany;Male;8;0;0;6078.46;37;technician;married;secondary;710;no;yes
Perrodin;589;France;Male;6;1;1;177896.92;39;services;married;secondary;3615;no;yes
Chinagorom;796;France;Female;2;1;1;123882.73;36;technician;married;secondary;368;yes;no
Napolitano;664;France;Male;6;1;1;15304.08;44;entrepreneur;married;tertiary;4893;no;yes
Edgar;445;Spain;Male;1;1;1;76569.64;40;admin.;married;secondary;6;no;yes
Walker;543;Germany;Female;1;1;1;120657.32;49;blue-collar;married;secondary;26;no;yes
Steele;746;Spain;Male;2;1;1;16436.56;30;technician;single;unknown;-48;no;no
Elkins;742;Germany;Male;0;1;1;107667.91;57;management;married;tertiary;6426;no;yes
Hao;750;France;Female;5;1;0;95611.47;24;services;single;secondary;77;yes;no
Toscano;669;France;Male;7;0;0;19799.26;46;blue-collar;married;unknown;401;no;no
Savage;594;Spain;Female;2;0;1;123214.74;33;admin.;married;secondary;21;no;yes
Okwuadigbo;574;Spain;Male;1;0;1;71709.12;43;services;divorced;secondary;0;no;no
Mordvinova;659;Germany;Male;2;1;1;149066.14;43;admin.;single;secondary;-497;no;no
Welch;750;Germany;Male;5;1;0;20451.99;40;blue-collar;divorced;primary;369;no;no
Kent;626;Germany;Male;4;1;1;32825.5;44;technician;single;unknown;78;no;no
Campbell;620;France;Male;4;1;0;6232.31;35;technician;single;tertiary;226;yes;no
Cooper;580;France;Female;8;0;1;10357.03;47;technician;married;secondary;503;no;yes
Mazzi;686;France;Female;3;1;0;147794.63;33;blue-collar;married;secondary;372;no;no
Fisher;540;France;Male;0;0;0;116973.48;31;admin.;married;secondary;0;yes;no
Summers;634;Germany;Male;6;1;0;129964.94;40;blue-collar;divorced;secondary;0;no;no
Brady;632;Spain;Male;1;1;0;92816.86;36;entrepreneur;married;tertiary;125;no;yes
Nicholls;501;France;Female;3;1;0;172114.67;56;retired;divorced;primary;4;no;no
Yuan;650;Spain;Female;3;1;0;16649.31;40;admin.;single;unknown;419;no;no
Robinson;786;France;Male;9;1;0;144517.19;41;admin.;divorced;secondary;322;no;no
Golubov;554;Germany;Female;4;0;0;182038.6;53;retired;married;secondary;303;no;yes
Chen;701;Spain;Female;5;0;0;24210.56;39;blue-collar;married;secondary;607;no;no
Oldham;474;France;Male;10;0;0;172175.9;44;blue-collar;divorced;secondary;579;no;no
Kambinachi;621;France;Female;5;1;1;47578.45;38;admin.;married;secondary;9141;no;yes
Fleming;672;Spain;Female;2;1;1;150694.42;54;technician;divorced;secondary;83;no;no
Cunningham;459;Spain;Female;6;1;1;177683.02;58;management;married;tertiary;68;no;yes
Obinna;669;France;Male;1;0;0;66088.83;52;blue-collar;married;primary;58;no;no
Chinwemma;776;France;Female;2;1;0;169291.7;28;admin.;single;secondary;251;no;no
Carpenter;694;France;Male;3;1;1;117140.41;36;blue-collar;married;secondary;688;no;yes
Yin;787;France;Female;10;1;1;79510.37;60;retired;married;primary;364;no;yes
Olsen;580;France;Male;9;0;1;77108.66;42;services;divorced;secondary;55;no;no
Ts'ai;711;France;Female;7;1;1;9679.28;42;admin.;married;secondary;101;no;yes
Jen;673;France;Female;5;1;0;81753.92;44;management;married;tertiary;105;no;yes
Preston;499;France;Female;1;0;0;131372.38;51;blue-collar;divorced;primary;325;no;no
Ozioma;591;France;Male;6;1;1;25310.82;49;blue-collar;married;primary;198;no;yes
Cody;769;France;Female;10;0;0;187925.75;47;entrepreneur;married;unknown;209;no;yes
Ponomarev;657;Spain;Male;3;0;0;98820.39;37;blue-collar;married;secondary;183;no;no
Martin;738;Germany;Male;9;1;0;64166.7;34;management;married;tertiary;105;no;yes
Milani;545;Germany;Female;7;0;1;176924.21;35;services;married;secondary;109;no;yes
Tang;497;France;Male;6;1;1;90055.08;35;blue-collar;single;secondary;376;yes;no
Romani;816;Spain;Male;6;1;1;72814.31;40;blue-collar;married;primary;-7;no;yes
McIntyre;525;France;Male;2;0;1;168290.06;55;technician;married;secondary;0;no;yes
Davis;725;France;Male;6;1;0;161767.38;55;retired;married;secondary;143;no;yes
Onyemauchechukwu;692;France;Female;8;1;0;44420.18;35;management;single;tertiary;550;no;no
Gell;618;France;Female;7;0;1;37147.61;57;blue-collar;married;primary;162;no;yes
Rossi;546;France;Male;8;1;1;125381.02;53;management;married;tertiary;115;no;yes
Chiwetelu;635;France;Male;7;1;1;149853.89;41;blue-collar;married;primary;512;no;yes
Kirillova;611;France;Female;2;0;0;161435.02;57;blue-collar;married;unknown;807;no;no
Shaw;650;France;Male;8;1;1;102925.76;45;blue-collar;married;unknown;248;no;yes
Smith;606;France;Male;5;1;1;70899.27;43;blue-collar;married;primary;3633;no;yes
Hsieh;844;France;Male;2;0;0;145936.28;56;self-employed;married;unknown;7;no;yes
Onyemauchechukwu;450;Spain;Female;5;1;0;54227.06;31;entrepreneur;married;tertiary;281;no;yes
Martin;727;Spain;Male;2;1;1;59280.79;37;blue-collar;single;secondary;88;no;no
Okwudilichukwu;460;Germany;Male;4;1;1;126952.5;30;management;married;tertiary;32;no;yes
Onuoha;649;France;Male;0;0;1;130567.02;30;admin.;single;secondary;115;no;no
Muecke;758;Germany;Female;9;1;0;73294.48;54;blue-collar;married;secondary;254;no;no
Hsieh;490;France;Female;7;1;1;3937.37;36;management;married;tertiary;144;no;yes
Anderson;815;Germany;Male;2;1;0;2383.59;55;unemployed;married;tertiary;383;no;yes
Azubuike;838;Spain;Female;5;1;0;14279.44;37;admin.;single;secondary;569;yes;no
Nnonso;803;France;Male;9;1;0;141300.53;38;housemaid;married;secondary;0;no;yes
Fuller;664;Germany;Female;2;1;0;78140.75;48;admin.;married;secondary;11262;no;yes
Ashley;736;Spain;Female;2;1;1;117431.1;55;housemaid;divorced;tertiary;20760;no;yes
Ts'ui;633;France;Female;9;1;0;72008.61;59;services;married;secondary;307;yes;no
Buccho;664;France;Male;5;1;1;60887.58;37;technician;married;secondary;-421;no;yes
Chidozie;600;France;Female;5;1;0;194764.83;33;blue-collar;divorced;secondary;60;no;no
Maclean;693;France;Female;5;1;0;88705.14;44;blue-collar;married;primary;67;no;no
Burns;663;Germany;Female;6;0;0;35817.97;57;technician;married;secondary;402;no;yes
Chu;742;Germany;Female;1;1;0;31520.4;30;self-employed;single;tertiary;800;no;no
Kenenna;710;Germany;Male;2;1;1;157908.19;42;technician;married;tertiary;239;yes;no
Beluchi;710;Spain;Female;2;1;0;142200.15;51;blue-collar;divorced;secondary;421;no;no
Williamson;700;France;Female;2;0;1;182055.36;44;admin.;divorced;secondary;161;no;no
Bobrov;720;Germany;Male;9;0;0;157552.08;46;technician;married;secondary;289;no;yes
Kerr;684;Spain;Male;2;0;0;120284.67;29;student;single;secondary;110;no;no
McKenzie;531;France;Female;1;0;1;24506.95;39;blue-collar;married;primary;245;no;yes
Pitts;742;Germany;Female;2;0;0;47271.61;42;services;married;secondary;0;no;yes
Standish;717;France;Male;4;0;0;41176.6;50;blue-collar;married;primary;156;no;no
Cartwright;589;France;Male;2;0;1;9468.64;42;technician;single;secondary;0;no;no
Johnstone;767;France;Male;3;0;0;123880.19;39;admin.;married;secondary;20;no;yes
Nikitina;636;Germany;Male;6;1;0;158887.09;55;technician;single;tertiary;92;no;no
McElroy;648;France;Male;7;1;1;117036.38;46;services;married;secondary;89;no;yes
Shen;622;Germany;Female;7;1;0;120415.61;42;blue-collar;married;secondary;166;no;no
Archer;692;Spain;Male;9;0;0;16064.25;45;management;married;tertiary;103;no;yes
Otutodilinna;754;France;Male;8;1;1;52615.62;43;blue-collar;married;primary;-454;no;yes
Shih;679;Spain;Female;8;0;0;121210.09;42;admin.;married;secondary;445;no;yes
Denisov;639;France;Male;8;1;0;192247.35;30;admin.;married;secondary;4;no;yes
Owens;774;France;Female;1;0;1;68759.57;47;blue-collar;married;secondary;3003;no;yes
P'eng;517;France;Male;2;0;1;75937.47;51;services;divorced;secondary;-69;no;no
Verco;571;France;Female;8;0;0;84569.13;38;technician;single;secondary;42;no;no
Bergamaschi;747;Germany;Male;7;1;1;190696.35;57;technician;married;unknown;4851;no;yes
Lorenzo;792;Spain;Male;5;0;1;67468.67;42;management;divorced;tertiary;221;no;no
Outtrim;688;France;Male;1;1;1;104435.94;32;technician;divorced;secondary;210;yes;no
Hou;714;Germany;Male;2;0;1;47166.55;46;management;married;tertiary;0;no;yes
Galkin;562;Spain;Female;0;1;0;119899.52;29;student;single;tertiary;185;no;no
Pagnotto;704;Spain;Male;8;1;1;173498.45;59;retired;married;secondary;836;no;yes
Echezonachukwu;698;France;Male;2;1;1;93249.26;32;blue-collar;single;secondary;301;no;no
Young;611;France;Male;3;1;1;142917.54;44;blue-collar;married;primary;503;no;yes
Summers;850;Germany;Female;6;1;0;111755.8;40;retired;married;primary;407;no;yes
Munro;743;Germany;Female;1;1;1;108543.21;31;blue-collar;single;secondary;53;no;no
Brennan;654;France;Male;1;1;0;180345.44;46;self-employed;married;tertiary;6909;no;yes
Ball;761;Germany;Male;8;0;0;99444.02;43;management;married;tertiary;144;no;yes
Virgo;702;France;Female;9;0;1;109563.28;34;services;married;secondary;205;no;yes
Trevisani;488;Germany;Male;3;1;0;92568.07;39;management;married;tertiary;305;no;yes
Padovano;683;France;Female;6;1;1;37976.36;30;blue-collar;divorced;secondary;251;yes;no
Tao;601;Germany;Female;9;0;1;103315.74;56;retired;married;secondary;0;no;yes
Perez;605;France;Male;7;1;1;173952.5;29;technician;married;secondary;8;no;yes
Fraser;671;Germany;Female;0;0;1;34673.98;40;blue-collar;divorced;secondary;139;no;no
Alley;614;Germany;Female;7;1;1;46163.44;36;services;married;secondary;184;no;yes
Howells;511;Spain;Female;9;0;1;140676.98;37;blue-collar;single;secondary;238;no;no
Cameron;850;France;Male;4;0;1;151738.54;35;admin.;married;secondary;0;no;yes
Hooper;790;Spain;Female;9;0;0;14679.81;35;blue-collar;married;primary;0;no;no
Rice;793;France;Female;0;0;0;175544.02;47;services;married;primary;222;no;yes
Cox;628;France;Male;5;1;1;181964.6;31;services;married;secondary;414;no;yes
Martin;598;Germany;Male;10;1;1;136886.86;56;retired;single;primary;223;no;no
Ikenna;657;France;Female;6;1;0;122218.23;57;technician;married;secondary;197;no;yes
Davide;618;France;Female;10;1;0;180439.75;36;blue-collar;married;secondary;-251;no;no
Alexander;681;Spain;Male;7;0;1;190419.81;45;self-employed;divorced;secondary;-139;no;no
Piazza;516;Spain;Female;3;1;1;58685.59;47;blue-collar;married;unknown;733;no;yes
Ni;421;Germany;Male;8;1;1;89017.38;29;technician;single;tertiary;0;no;no
Black;700;France;Female;2;0;0;50051.42;57;services;married;secondary;1;no;yes
Harker;745;France;Male;5;1;0;146041.45;45;blue-collar;married;primary;97;no;no
Hughes;696;France;Male;8;1;0;191166.09;31;blue-collar;single;primary;435;no;no
Chiabuotu;580;Germany;Female;2;0;0;103516.08;31;management;divorced;tertiary;0;no;no
Kuo;497;Spain;Male;9;1;1;164825.04;37;technician;single;tertiary;147;no;no
Gallagher;720;France;Female;6;1;0;172557.77;30;technician;single;tertiary;3;no;no
Calabresi;659;Germany;Male;4;1;0;84320.94;58;services;divorced;secondary;3327;yes;no
Shaw;841;France;Female;5;0;0;122662.98;33;services;married;secondary;404;no;yes
Zhirov;642;Spain;Male;8;1;0;72085.1;39;blue-collar;married;primary;981;no;no
Lloyd;732;Spain;Female;9;0;1;110932.24;33;blue-collar;single;primary;95;no;no
Palmer;600;Spain;Male;4;1;0;143635.36;34;services;married;secondary;302;no;yes
Ch'eng;464;Germany;Male;8;1;1;3710.34;36;services;divorced;secondary;-290;yes;no
Avent;680;France;Female;5;1;1;179843.33;37;services;single;secondary;259;no;no
Huang;758;Spain;Male;1;1;1;10643.38;35;blue-collar;married;secondary;527;yes;no
Shaw;630;Germany;Female;2;1;1;131167.98;55;retired;married;secondary;102;no;yes
Yuan;577;France;Female;10;1;0;10553.31;34;management;single;tertiary;872;no;no
Hawkins;684;France;Female;6;1;1;130928.22;40;management;divorced;tertiary;490;no;no
Trentini;708;Spain;Female;5;0;1;157003.99;42;blue-collar;single;primary;19;no;no
Cameron;732;Germany;Female;1;1;1;138527.56;37;blue-collar;married;secondary;16;no;yes
Koehler;634;Germany;Male;3;1;1;167032.49;42;management;married;tertiary;386;no;yes
Wu;633;France;Female;6;0;0;41642.29;35;technician;single;secondary;539;no;no
Manna;559;France;Male;2;1;0;9677.0;44;technician;divorced;secondary;-329;no;no
Okoli;694;Spain;Female;3;1;1;147012.22;30;services;single;secondary;-174;no;no
Ch'eng;686;Germany;Female;5;1;1;80553.87;45;entrepreneur;married;secondary;68;no;yes
Nwokezuike;553;Spain;Female;3;0;1;30730.95;35;blue-collar;single;unknown;-532;no;no
Artemiev;507;France;Male;4;0;0;140134.43;36;admin.;divorced;secondary;0;no;no
Esposito;732;Germany;Male;6;0;0;91936.1;49;blue-collar;married;secondary;64;no;no
Abbie;818;France;Female;1;0;0;178252.63;31;blue-collar;single;secondary;4245;no;no
Fanucci;660;Germany;Male;8;0;1;198674.08;31;technician;single;secondary;147;no;no
Jen;773;Spain;Female;5;1;0;28266.9;39;blue-collar;married;secondary;72;no;no
Moss;640;France;Male;3;1;0;92381.01;37;services;single;secondary;-196;no;no
Lo;505;France;Male;7;0;0;135180.11;33;blue-collar;married;primary;716;no;no
Averyanov;714;Germany;Male;6;0;0;27330.59;37;management;married;tertiary;0;no;yes
Unaipon;468;France;Female;5;1;0;125305.34;42;services;married;secondary;-246;no;yes
Clamp;611;Spain;Male;1;1;1;149648.45;56;blue-collar;married;secondary;-203;no;yes
Lim;705;France;Male;0;0;1;59887.15;37;admin.;single;secondary;245;yes;no
Wu;646;Germany;Male;1;1;0;45041.32;36;services;single;secondary;342;no;no
Wan;667;Germany;Female;1;0;0;113316.77;29;technician;single;tertiary;3;no;no
Chambers;511;Germany;Female;8;1;1;39087.42;54;management;married;tertiary;-248;yes;no
Pettit;653;France;Female;6;1;1;7330.59;38;blue-collar;married;secondary;376;no;yes
Baresi;675;France;Female;8;0;1;95463.29;43;blue-collar;divorced;secondary;370;no;no
Newbery;523;Spain;Male;4;1;0;167848.02;47;admin.;single;secondary;594;no;no
Iheanacho;567;Germany;Female;5;1;0;93953.84;47;blue-collar;married;secondary;387;no;no
Duncan;741;Spain;Male;7;0;1;174227.66;38;services;married;secondary;208;no;yes
Barry;456;Spain;Male;9;1;1;135399.21;40;blue-collar;married;secondary;563;no;yes
Landry;598;France;Male;1;1;0;195635.3;33;services;divorced;secondary;392;yes;no
McGregor;667;France;Male;8;1;0;97508.04;33;retired;married;secondary;165;no;yes
Nucci;548;France;Female;2;1;0;188083.77;53;admin.;divorced;unknown;236;no;no
Pirogov;725;France;Male;7;1;1;116704.25;37;services;married;primary;52;no;yes
Oguejiofor;717;France;Male;6;0;1;97614.87;40;management;single;tertiary;3795;no;no
Ugochukwu;594;France;Male;4;0;0;186884.04;37;blue-collar;married;primary;693;no;no
Rohu;678;Germany;Female;10;0;1;131501.72;35;technician;married;secondary;118;no;yes
Cary;545;France;Male;1;1;1;24302.95;49;blue-collar;married;primary;10977;no;yes
O'Loghlen;636;France;Female;1;1;0;110510.28;26;blue-collar;single;secondary;24;no;no
Quinn;603;Germany;Male;6;1;0;108488.33;38;management;single;tertiary;673;no;no
Page;435;France;Male;4;1;1;197015.2;52;self-employed;married;secondary;273;no;yes
Evans;535;France;Female;8;1;1;27689.77;33;services;divorced;secondary;327;no;no
McGregor;629;Germany;Female;7;1;0;9217.55;31;admin.;single;secondary;299;no;no
Andrews;722;France;Female;2;1;1;15068.18;32;blue-collar;married;secondary;0;no;yes
Stanley;561;France;Male;7;1;0;7797.01;35;blue-collar;single;primary;109;no;no
Chiazagomekpere;645;France;Female;5;0;1;4400.32;55;management;divorced;tertiary;552;no;no
Chidiebele;501;France;Female;9;0;0;182025.95;32;blue-collar;divorced;primary;473;no;no
Gregory;502;Germany;Female;1;0;1;122763.95;37;unknown;single;unknown;414;no;no
Bednall;652;Spain;Female;4;1;1;38152.01;45;blue-collar;married;secondary;154;no;yes
Jen;574;France;Female;3;1;0;63163.99;31;technician;married;secondary;344;no;yes
She;518;France;Female;9;1;1;73418.29;38;admin.;married;secondary;8;no;yes
Simmons;749;France;Female;6;1;0;17978.68;37;services;married;secondary;78;no;yes
Fraser;679;France;Female;4;1;0;115136.51;38;blue-collar;married;secondary;266;no;no
May;565;France;Male;6;1;0;149575.59;33;housemaid;married;tertiary;98;yes;no
Seabrook;643;France;Female;4;1;0;60917.24;38;blue-collar;married;primary;83;no;no
Herrera;515;France;Male;7;1;1;142548.33;37;management;single;tertiary;45;no;no
Kincaid;521;France;Male;7;1;1;157878.67;29;unemployed;married;tertiary;8;no;yes
Sleeman;739;Spain;Male;0;1;0;12796.43;42;management;married;tertiary;263;no;yes
Hung;585;France;Male;2;1;1;18657.77;40;blue-collar;married;secondary;306;no;yes
Artemieva;733;Germany;Male;3;1;1;134589.58;32;management;married;tertiary;233;no;yes
Barwell;542;France;Female;8;0;1;10350.74;47;management;divorced;tertiary;447;yes;no
Wright;788;Spain;Male;8;0;0;66013.27;29;student;single;secondary;872;no;no
Bellucci;435;Germany;Male;2;1;1;5907.11;53;services;divorced;primary;-291;yes;no
Moore;577;France;Male;9;1;0;74077.91;31;services;married;tertiary;309;yes;no
Ball;703;France;Female;3;1;1;77294.56;59;blue-collar;married;secondary;202;no;yes
Sung;728;Germany;Female;8;1;0;54359.02;29;entrepreneur;married;primary;56;yes;no
Mello;728;Germany;Male;5;1;1;156124.93;59;blue-collar;married;primary;229;yes;no
Mistry;718;France;Male;8;1;0;94820.85;44;blue-collar;married;primary;143;no;no
T'ien;621;France;Female;6;1;0;155155.25;38;admin.;single;secondary;100;no;no
Fallaci;523;France;Female;2;1;0;128702.1;49;admin.;married;secondary;326;no;yes
Hill;657;Germany;Male;2;1;0;22745.5;43;blue-collar;married;secondary;167;no;no
Burns;727;Germany;Male;1;1;0;71865.31;52;admin.;single;secondary;545;no;no
Hunter;643;France;Male;7;0;1;84294.82;40;admin.;married;secondary;6300;yes;no
Li;645;France;Female;7;1;1;149139.13;32;services;married;secondary;0;yes;no
Ku;568;France;Male;5;1;0;185489.11;47;admin.;married;primary;192;no;yes
Ch'en;599;France;Male;4;0;0;176407.15;33;management;married;tertiary;442;no;yes
Chukwukadibia;672;France;Female;9;1;1;92027.69;35;management;married;tertiary;267;no;yes
Zikoranachidimma;685;France;Male;6;1;1;43932.54;27;services;single;secondary;0;no;no
Oluchukwu;516;France;Female;1;1;0;115789.25;50;blue-collar;married;primary;377;no;no
Rivera;685;Spain;Male;10;1;1;125777.28;44;retired;married;secondary;22872;no;yes
Niu;806;Spain;Male;7;1;0;18461.9;43;self-employed;married;primary;66;no;yes
Bennett;604;France;Male;6;1;1;79633.38;51;blue-collar;married;unknown;37;no;yes
Wollstonecraft;648;Spain;Female;6;1;1;121542.29;32;admin.;single;secondary;64;no;no
Thomsen;545;Spain;Female;4;1;0;94739.2;47;management;divorced;tertiary;34;no;no
Palermo;756;Germany;Male;1;1;0;93302.29;34;admin.;divorced;secondary;627;no;no
Chinwendu;569;France;Male;10;1;1;193793.78;57;self-employed;married;primary;3039;no;yes
McKenzie;596;France;Male;6;1;0;74835.65;43;admin.;single;secondary;140;no;no
James;475;France;Male;6;1;1;56999.9;40;services;single;tertiary;26469;no;yes
Lamb;646;France;Female;3;1;1;57236.44;28;blue-collar;single;secondary;97;no;no
Olejuru;784;Spain;Male;3;0;0;81483.64;38;blue-collar;married;unknown;5;no;no
Hay;552;Spain;Male;9;1;0;26752.56;37;unemployed;divorced;secondary;74;no;no
Lu;729;France;Male;5;0;1;9200.54;44;admin.;married;secondary;175632;no;yes
Chiawuotu;609;Spain;Male;1;1;0;22447.85;41;technician;married;secondary;169;no;yes
Yeates;555;France;Male;5;1;0;189122.89;37;self-employed;married;tertiary;444;no;yes
Gallagher;572;Germany;Female;1;1;1;16161.82;30;services;single;tertiary;542;no;no
Heath;785;France;Female;9;1;1;68600.36;32;blue-collar;married;secondary;-205;no;yes
Ts'ai;714;Germany;Female;1;1;1;447.73;30;management;single;tertiary;112;no;no
Thurgood;738;Spain;Male;3;1;1;15650.73;35;services;married;secondary;39;no;yes
Pai;639;Germany;Male;5;1;1;149599.62;55;blue-collar;married;secondary;3804;no;yes
Lorenzo;520;Germany;Male;8;1;1;90304.01;52;blue-collar;married;secondary;-98;no;yes
Knupp;764;France;Female;7;0;0;115676.38;33;admin.;married;secondary;44;yes;no
Baryshnikov;661;Spain;Male;6;0;0;38812.67;55;retired;married;primary;-90;yes;no
Azubuike;564;Germany;Male;9;1;1;34338.21;33;blue-collar;married;secondary;0;no;yes
Shephard;708;Germany;Female;8;1;0;823.36;40;blue-collar;married;secondary;-94;yes;no
Scott;512;Spain;Male;1;0;1;135482.26;39;blue-collar;married;secondary;-345;no;yes
Williamson;592;Spain;Male;9;1;1;10656.89;54;blue-collar;married;secondary;-932;no;yes
Avdeeva;619;France;Female;3;0;1;116467.35;39;blue-collar;married;primary;20;no;yes
Tang;775;France;Male;8;1;1;96823.32;49;blue-collar;married;secondary;90;no;yes
Hsu;850;Germany;Female;5;0;1;171096.2;52;admin.;married;secondary;31;no;yes
Buchanan;577;France;Female;4;1;1;79881.39;27;management;single;tertiary;134;yes;no
Yeh;724;France;Female;10;1;0;157862.82;26;services;married;secondary;0;no;yes
Palazzi;710;Spain;Male;1;1;1;127951.81;40;blue-collar;married;secondary;61;no;yes
Y?an;696;France;Female;8;0;0;191074.11;47;blue-collar;married;secondary;-5;no;no
Lin;376;France;Female;6;1;0;157333.69;31;services;single;secondary;-45;no;no
Schofield;675;Germany;Female;8;1;0;133457.52;53;blue-collar;single;secondary;156;yes;no
Lombardi;745;France;Male;8;1;0;130789.6;31;services;married;secondary;564;no;yes
Wall;697;Spain;Female;5;1;1;128373.88;33;admin.;married;secondary;-6;no;yes
Milani;599;Spain;Female;4;1;0;194273.2;35;services;married;secondary;528;no;yes
Ejimofor;715;France;Female;5;1;1;5684.17;46;entrepreneur;married;unknown;4443;no;yes
Blackburn;659;France;Male;4;1;1;131043.2;31;management;married;secondary;6057;no;yes
Wickham;684;France;Female;3;0;0;21228.34;35;technician;single;secondary;5565;no;yes
Bird;635;France;Female;8;1;1;43250.3;29;management;married;secondary;147;yes;no
Ch'en;789;Germany;Male;8;1;0;4389.4;51;technician;married;secondary;220;no;yes
Wood;571;Germany;Female;9;0;1;189271.9;33;blue-collar;married;primary;198;no;yes
Brizendine;694;Spain;Male;0;1;1;102284.2;37;management;married;tertiary;115;no;yes
Ch'in;665;Spain;Female;2;0;1;156774.94;43;admin.;single;unknown;87;no;no
Yusupov;706;France;Female;4;0;0;69865.49;42;technician;married;tertiary;644;no;yes
Jibunoh;807;Spain;Female;0;0;1;85523.24;28;blue-collar;married;secondary;225;yes;no
Ts'ui;771;Spain;Female;8;1;1;51219.8;57;retired;married;secondary;502;no;yes
Ndukaku;531;Spain;Male;8;0;0;7222.92;38;services;married;secondary;-32;no;yes
Wilder;629;France;Female;6;1;1;23971.33;39;blue-collar;married;primary;106;no;yes
Maclean;850;Germany;Female;1;1;1;132173.31;36;technician;married;tertiary;301;no;yes
Ch'iu;685;Spain;Male;4;1;0;113639.64;57;retired;married;tertiary;906;no;yes
Cox;642;Spain;Male;7;1;1;39768.59;44;management;married;unknown;187;no;yes
Nepean;529;Spain;Male;4;1;0;108732.96;48;services;divorced;secondary;852;yes;no
McNess;683;Germany;Female;4;1;1;117349.19;46;blue-collar;married;primary;143;no;yes
Coles;663;France;Female;5;1;1;78004.5;43;admin.;married;secondary;71;no;yes
Benson;563;France;Female;6;1;1;152417.79;49;services;married;secondary;4488;no;yes
Gilbert;637;Spain;Female;9;0;0;26057.08;29;services;single;secondary;703;no;no
Wilhelm;544;France;Male;3;0;0;79972.09;53;blue-collar;married;secondary;732;no;no
Sinclair;649;Germany;Male;9;0;1;107125.79;30;services;single;secondary;21;no;no
L?;638;France;Female;10;1;1;47679.14;41;management;divorced;secondary;276;no;no
Buckner;723;France;Male;3;1;1;134509.47;33;technician;married;secondary;0;no;yes
Padovesi;635;Germany;Male;5;0;0;153265.31;47;blue-collar;married;primary;550;no;no
Gray;750;Spain;Female;7;0;1;179883.04;58;retired;married;secondary;268;no;yes
Lu;730;France;Male;5;1;0;138882.98;31;unemployed;married;secondary;-825;no;yes
Wright;750;Spain;Female;8;0;1;9855.81;38;admin.;single;secondary;137;yes;no
Palerma;586;France;Female;8;1;0;67046.83;60;retired;married;secondary;42;yes;no
Y?an;520;France;Female;4;1;0;56388.63;33;management;single;tertiary;54;no;no
Wei;652;France;Female;8;1;0;77764.37;33;unemployed;single;tertiary;5148;no;yes
Padovesi;550;France;Female;7;1;0;130590.35;52;admin.;married;primary;270;no;yes
Tsao;594;France;Male;0;0;0;151912.49;42;blue-collar;married;primary;803;no;no
Franklin;749;Germany;Female;0;0;0;151083.8;30;technician;single;secondary;102;no;no
Clark;668;France;Male;7;1;1;777.37;33;entrepreneur;divorced;tertiary;188;no;no
McGregor;614;Germany;Female;6;0;0;69454.24;46;admin.;divorced;secondary;207;no;no
Pan;773;France;Male;1;0;1;11723.57;51;blue-collar;married;primary;4398;no;yes
Kenniff;551;Germany;Male;9;1;1;91565.25;40;unemployed;single;secondary;350;no;no
Spencer;566;France;Male;1;1;0;79616.37;50;admin.;married;secondary;159;no;yes
Lees;569;Spain;Male;0;1;0;102299.81;42;entrepreneur;married;tertiary;157;yes;no
David;659;Spain;Male;7;1;1;104533.51;38;technician;married;secondary;0;no;yes
Hsing;722;France;Female;3;1;0;140765.57;36;admin.;single;primary;91;no;no
Burke;655;France;Male;5;1;0;66214.13;37;unemployed;divorced;primary;849;no;no
Watson;615;France;Female;2;1;1;139816.1;33;management;married;tertiary;436;no;yes
Hawkins;752;Germany;Female;3;0;1;140139.28;38;blue-collar;single;secondary;-1;no;no
Ginn;661;Spain;Female;7;0;0;102297.15;52;blue-collar;married;tertiary;297;no;no
Sozonov;838;Spain;Male;9;1;0;145765.83;29;blue-collar;married;secondary;313;yes;no
Sun;610;Spain;Male;9;0;1;83912.24;37;blue-collar;married;primary;310;no;yes
Hunter;811;Spain;Male;3;0;1;78439.73;34;admin.;married;secondary;475;no;yes
Manfrin;587;Spain;Male;7;0;1;6776.92;43;blue-collar;married;primary;61;no;yes
Artamonova;811;Germany;Female;4;1;1;9903.42;49;services;married;secondary;4131;no;yes
Hansen;759;France;Female;1;0;0;91561.91;33;technician;single;secondary;56;no;no
Pai;648;Germany;Female;8;1;0;4027.02;47;admin.;married;unknown;0;no;yes
